Microarray-Microarray-0-trn-loss	Microarray-Microarray-0-val-loss	Microarray-Microarray-1-trn-loss	Microarray-Microarray-1-val-loss	Microarray-Microarray-2-trn-loss	Microarray-Microarray-2-val-loss	Microarray-Microarray-3-trn-loss	Microarray-Microarray-3-val-loss	RNAseq-RNAseq-0-trn-loss	RNAseq-RNAseq-0-val-loss	RNAseq-RNAseq-1-trn-loss	RNAseq-RNAseq-1-val-loss	RNAseq-RNAseq-2-trn-loss	RNAseq-RNAseq-2-val-loss	RNAseq-RNAseq-3-trn-loss	RNAseq-RNAseq-3-val-loss	RNAseq-Microarray-0-trn-loss	RNAseq-Microarray-0-val-loss	RNAseq-Microarray-1-trn-loss	RNAseq-Microarray-1-val-loss	RNAseq-Microarray-2-trn-loss	RNAseq-Microarray-2-val-loss	RNAseq-Microarray-3-trn-loss	RNAseq-Microarray-3-val-loss
0.8510546376949497	0.4129514748729104	0.8620436489026495	0.4241731248721288	0.8350586210187121	0.4245802368702827	0.8774569575751187	0.4308858741846275	0.9206247662890528	0.6162306363138138	1.08474072320256	0.7093813018086673	0.9560110106260814	0.640851084400781	1.1479334552284632	0.7326292746857261	0.6464966962635367	2.8799153863255795	0.7306728600048361	2.7454579585054932	0.6630050947294928	3.1085362939370453	0.7716994154877699	3.0016764635172555
0.3473832758767629	0.366363718710955	0.3511881592158215	0.3791573288553732	0.34717750538509495	0.38052881858269855	0.35231892565154305	0.3877682539660193	0.5748654510814408	0.5088385970875151	0.6515045874292531	0.5754364642403303	0.5921079611255348	0.5281394816760187	0.6766689998229046	0.5921685609747643	0.4881837697210443	2.448639678920252	0.5424990299069545	2.5787344089376605	0.4957166275451352	2.8387062935214638	0.560246404307294	2.6634303931735297
0.3220126099219448	0.3479805986337172	0.3252512615072597	0.3556720224139811	0.3217632828838536	0.3568522868249198	0.3268528335036825	0.3619002825306292	0.5271079143221877	0.4708441348331786	0.5931867427322047	0.5308337840892787	0.5407196006065859	0.4922676766323284	0.6154306486776162	0.5471168737504885	0.4719732628871968	2.3295768059374096	0.5235804825208035	2.2291988166756904	0.4786726736011258	2.452305186183461	0.5396582744834286	2.4709560290472687
0.3079608888863637	0.3349469022307293	0.31117855541479505	0.34460788652974605	0.308330888477631	0.3425659437268531	0.3123297583333248	0.35142195085852	0.5036900237534189	0.4518839722837028	0.5653645167002783	0.508923358795336	0.5154992009216812	0.4727428591443848	0.5861396028582475	0.5174242317150805	0.4625314040346675	2.3246655377739494	0.5132170626834758	2.2751472508889115	0.4694521680795821	2.304166482854876	0.5293682743178	2.3458002822252397
0.29844633616381194	0.32787820762328185	0.3019009612711003	0.33462663682188915	0.2992069119045221	0.3338981724740753	0.3025630757673645	0.3416931935198381	0.4891371685609211	0.44189126316626737	0.5478811790096126	0.4924578775800314	0.4998206025000845	0.4620948430356254	0.5678215450743328	0.5062108070063723	0.4564083073078451	2.1852936826848657	0.5069213301478626	2.1972276722638457	0.4630128776408618	2.407300728154637	0.5218222953408196	2.283589408609957
0.2914951633398044	0.3220706102849794	0.2946489286052251	0.32799713068112585	0.2922504508306134	0.32695082278415016	0.2954361958981906	0.3346301595945139	0.4788920132746889	0.43156447934452097	0.5360653642790465	0.4806946840569976	0.4888368747284546	0.4480851981106637	0.5547903638615368	0.4953792716493021	0.4516036059094546	2.2291955538507118	0.5008126755578816	2.2502210276842862	0.4579906162587298	2.3554085411799712	0.5163563217991857	2.257998627168187
0.28594984635355875	0.31565175673399826	0.2889625554078294	0.32191272097456763	0.28708085892452195	0.32246155109896885	0.2901567909319805	0.3285491771728392	0.4712612076088374	0.4266692401538036	0.5271457830042158	0.4713990274281544	0.4807025833373686	0.44077706670686256	0.5456770105272252	0.4860222875528368	0.4476735884192301	2.181526958732664	0.4966251939403413	2.052207739765873	0.4538198899454862	2.263684523928	0.5119436373109283	2.287754058473796
0.28140609881341483	0.31109302620213075	0.2845350673403453	0.3176016803004971	0.28284478918511136	0.31677994421932393	0.2854322951570665	0.32405905733940554	0.4652173616413517	0.4200189906771291	0.5202666633141659	0.4684792393293593	0.4741811482409308	0.4366148989962291	0.5383235475317959	0.4785882506933353	0.44405912075922427	2.1576909911275566	0.4930096439033845	2.11302811378708	0.45029444729891205	2.2446250178473433	0.5083463357686084	2.250224780722939
0.2776272181861453	0.30747993297448994	0.28050648660047234	0.3152916560126494	0.2791094226133431	0.31611549750392903	0.2816066967933237	0.3193345371984753	0.4602801301201254	0.41681909633780617	0.5145664620956181	0.4584548588664494	0.4689399705411792	0.4306332345927736	0.5324839027169306	0.4712217469166562	0.44098417967017095	2.135111123503509	0.4896921054692943	1.9471146957181409	0.4471170149993535	2.2293246212205706	0.5051180318396175	2.2310682152476526
0.2744169466950074	0.3036667910236246	0.2772759348026592	0.31152487477294705	0.2761999157415451	0.3112237683354712	0.2782858321635484	0.3159441084676859	0.4559976176344812	0.4160268292697597	0.5098216303475063	0.454411075047125	0.4644344094827007	0.4264808796342846	0.5276129888670947	0.4740437149582716	0.4387070974185525	2.031869805640381	0.4871352541188565	2.1430711116807237	0.4445285375393407	2.2211614881613904	0.5022778281839775	2.092481348874061
0.27150046614331824	0.3009171945926369	0.27455378628146665	0.3084213656006197	0.2736022205256982	0.30897836866119804	0.27535914230365555	0.31416416094998234	0.4522830035184746	0.4085975248844995	0.5056703956307385	0.4538825492916629	0.460501895355012	0.4241042654376017	0.5233548993121133	0.464097138071545	0.4359495050641144	2.0775903560165294	0.4846815608313853	2.037906328984825	0.4420389751328703	2.20689697297602	0.4999402192214372	2.1957064402324256
0.26917027003542665	0.2973992740674193	0.27223845230129523	0.30604209766176765	0.2712576320574743	0.3075555497060045	0.2729742049594023	0.3099466936952065	0.44894896448520055	0.407968773375286	0.5018457890670741	0.4491130384892372	0.4569662915366146	0.4212635147819285	0.5196467993438136	0.460654846108678	0.4341060460635391	2.0499121531587887	0.4823486013435064	1.959605269013834	0.4398545757405461	2.1885200897446278	0.4978906197101392	2.0086009534387883
0.266869525821964	0.29656102754911273	0.2699546395239151	0.3034366139135753	0.2693622934702436	0.3035680885555877	0.270831708473126	0.3083848463342085	0.445989016263198	0.40518653925660303	0.4987137576667938	0.44675350173615	0.4539350857555752	0.4164672427147845	0.5163440906362751	0.4575518722098618	0.4318747390096703	1.976304049147101	0.4804408136896197	1.9677993539525616	0.4376951849654693	2.12499851729637	0.4958423196599125	2.0964420802659243
0.264941653039516	0.29401643712653097	0.2680393263299405	0.3010153087769583	0.2674036993325479	0.3015951258903021	0.2687815812220559	0.30675298243466226	0.4432654892166151	0.4007263123846532	0.4956452905310248	0.4468998858338426	0.4510302767812028	0.4142783121965377	0.513305050311075	0.4569422219754477	0.4301046108318666	2.059975547197212	0.4784055926480558	1.9470012859791277	0.4362010153500613	2.149722788313472	0.4939715761549112	2.0228589033828803
0.2631887373296968	0.29200590541342025	0.2661751664990501	0.2985622007749793	0.2657832249246178	0.29871230373842594	0.2669972380536343	0.3037151960779349	0.4408873010753093	0.3988019168590783	0.4930063384462647	0.4439186957683027	0.4484297738125903	0.4111575077941269	0.5107044366171551	0.4520488737685956	0.4287687532289565	2.03410576251183	0.4767125891955283	1.890616606101992	0.4344278483247274	2.142296735765956	0.492448514515516	2.0008351794752532
0.2616158116315711	0.28997930569736124	0.2646586699266079	0.2967655207224952	0.2642767903371559	0.29740540961979883	0.26528986214063244	0.3017239306451283	0.43862700567001545	0.4005287338450879	0.4905788558708537	0.4413398283580116	0.4461443413869993	0.4112916797742589	0.5081669798209753	0.4529770673444086	0.4272753036926611	2.001996319145647	0.4753595421978952	1.8502254829599236	0.4329424266922436	2.169922122742564	0.4910933302529952	2.0761409603055827
0.2601514892614412	0.2880427255869371	0.26307413560841336	0.29606019977467063	0.2628499121080799	0.29627887639982925	0.2638316235973173	0.30081318406206736	0.4365759019604324	0.3960885133225031	0.4883402957446528	0.4432294728341062	0.4438950240225182	0.40979665033948093	0.5059589450031946	0.4545478513822158	0.4257451937209266	2.121942380566765	0.4741215977298989	1.8641720926703849	0.4314452823032703	2.1111084507024747	0.489565958313701	1.993036546916745
0.25884479661691	0.2861370659944633	0.2617153473117837	0.29398568784578744	0.2615335485161345	0.2941976794702789	0.2624909235451225	0.2976152718613311	0.4346725802767377	0.3949503150421473	0.4861302291303798	0.4394730813907105	0.441865332968924	0.4089988772511607	0.5037502429310973	0.4503858806369087	0.4245953349393356	2.034251040302973	0.4725688020640626	1.879198487667233	0.4301856008220336	2.180413950376876	0.4883408315483785	2.0109945051651548
0.25757168005403186	0.2851314667678356	0.2604552859561001	0.2918669271695488	0.2605117096981185	0.29338182777366223	0.2612512160234005	0.29739506418712425	0.4328966729112135	0.3965621813251791	0.4842998375280174	0.43876643778052027	0.44006943433460266	0.4081462392279128	0.5018406021090097	0.447990569183156	0.42345268170165584	1.9547227154166864	0.47146191240084	1.8608949862583315	0.4289704925532298	2.0756358283661998	0.4871944959472166	1.9988674238600204
0.2564355387754229	0.2839866215968526	0.2593253325508236	0.2910090909639952	0.25943565681443737	0.2927792644280693	0.26010777801341844	0.2944058568031536	0.4312539667274056	0.39507431837097023	0.482400977922132	0.4357286137321958	0.43829431085814297	0.40458265809952937	0.5000696989051907	0.4467661685830614	0.4223899994536073	1.9860357460799296	0.4703055704622001	1.9501060637714744	0.4279376373008172	2.1629447306495018	0.4861993123665787	1.9611558261347293
0.255391799745972	0.2828076166125473	0.2581998087762287	0.2909888008360954	0.2584058390316342	0.2910778363180322	0.2590363130739598	0.2943346515969684	0.4296780309080355	0.3919054199617742	0.480798908172854	0.433812409781932	0.4366410800180053	0.4037447067623378	0.4982884488890765	0.4432175356785017	0.42128554094600096	2.0047528131748527	0.4692801189411713	1.905202883520368	0.42687548748102105	2.0808238667500194	0.4851820360657334	1.9817124718127281
0.2544332159125806	0.2820388458357034	0.25721417197915514	0.2892542509046116	0.2574802610786929	0.28965645865071904	0.2579712563716521	0.29277718019480725	0.428264840534416	0.394870518399454	0.4792184969421938	0.4313063716020512	0.4351297072508612	0.4023165796472809	0.4967091299639165	0.4408072362941982	0.4203852147798265	1.9919328944599652	0.4684165509185218	1.8703451726186655	0.4259240041602789	2.0588942044095195	0.4839374726247146	1.880223680164668
0.25352538058747104	0.28092029828860954	0.2562995619121432	0.28788586624842794	0.2566037125230318	0.28895489012219105	0.2570036248954279	0.29237427448547265	0.4268825867517149	0.3887705548423736	0.4777613456624436	0.4294483571562964	0.4337305681300485	0.3997836484424664	0.4952248968593214	0.44416601042751774	0.4195402995971669	1.986288248958376	0.4674185759409501	1.8375297719822343	0.42504403536141294	1.977045393094592	0.4836257850185147	1.9689052210379052
0.2526452109187392	0.279883258803085	0.2553965775062426	0.286466487580645	0.2557558102915435	0.2870466958640637	0.2561140873145883	0.2901502449561872	0.4256459255716428	0.3870126891116565	0.4763782445308903	0.4321370546121665	0.4323311307442317	0.39981265772634733	0.4938639995506822	0.4390872035179461	0.4187469206225563	1.9815987925804608	0.4665841533095503	1.8798275503787087	0.4243367787671976	2.094139954822328	0.4824891757884161	2.0163938684155127
0.2517760975040712	0.2790969003640705	0.2545341715283419	0.28578356846332964	0.25505435097467033	0.28637172698175184	0.2552859202472725	0.2895552304294288	0.4244048485832579	0.3850592050892406	0.4749744022240933	0.4323727360558022	0.4310848237403493	0.3990048633097248	0.4924435858431341	0.4444710759593332	0.4179275210423428	1.9903706369880632	0.4657955895729651	2.0015725345458337	0.423443265758528	2.135550842984218	0.4818221958870921	1.9904748737934723
0.2510939628488189	0.27786175622605097	0.2537160139929449	0.2847837453763582	0.254289355709066	0.2851916146930585	0.2545108767513278	0.2883960030526249	0.4232856427594494	0.3847187327009125	0.4737679404183386	0.43093630422888574	0.4298550042100451	0.397501187917808	0.4912358875453097	0.438233392947742	0.4172693930321613	1.9759018995017692	0.46496776647601895	1.922413683232064	0.4226764026325404	2.087667376687506	0.4811384101716512	1.9454821015518744
0.25037563013217495	0.27749214521973153	0.2529992378033222	0.283855044387044	0.2535448201333364	0.2850088367609537	0.2538291124852241	0.2891223704931263	0.4221562645346581	0.38362994017952456	0.4725750853028265	0.4269281998131909	0.4287579312375037	0.3978866123755713	0.4901041960402322	0.4360634223604651	0.4165073018950091	1.9777870069627512	0.4643677362738671	1.8936820677509107	0.4219192554666181	2.0470101816563497	0.4802677831416515	1.976325822267532
0.24968112477849036	0.2767264382743905	0.2522985682053735	0.2823049038575391	0.2528541997718358	0.28343101004412524	0.2529851459004309	0.286503837566263	0.4211536054094831	0.38306122765642303	0.4714718437597902	0.42560225545620417	0.4277217901149429	0.3937864117129428	0.4889021966063137	0.4384577667558117	0.41596894261697787	1.9764964267256315	0.4635655064085836	1.9080644991204567	0.4214723163535121	2.0447712347775164	0.4799004275090599	1.9727476267975788
0.24901545842562176	0.2753847454377169	0.25166044562678697	0.2827718897918869	0.2522654928294876	0.28370596742409965	0.2523138958713288	0.28679223938313114	0.4202362284575366	0.3811506229294204	0.4704047632722311	0.42770123017049894	0.4267171449030648	0.4009615302192807	0.4879314426655989	0.43695754760903865	0.4154079255779564	2.0213743689747083	0.4632457348444827	1.9059980388625144	0.4207015554818319	2.0646134065715813	0.4789887628840054	1.9603584429774656
0.2483904201223295	0.27519119022519584	0.2510014866933718	0.2806699277909658	0.2516901208478006	0.2831233916122136	0.2516864630960892	0.28515620175352074	0.41929505794590655	0.38651480476833777	0.4693737406822828	0.4246213798976333	0.42572043644776975	0.39369172427682425	0.4868149870149296	0.4345406526263865	0.4147466732167765	1.9935079490621603	0.4625178319784597	1.9507330860023708	0.4202445375605639	2.1392477821618323	0.478589351343427	1.926768163342644
0.2479061632033752	0.27502049423888275	0.2504117947633208	0.2806257509423809	0.2511311527454573	0.2809441881219069	0.25102211107171946	0.28443256723208776	0.4184579287562848	0.38229238983404656	0.46849237079464207	0.4255120936379623	0.4248150369279674	0.3929623014404022	0.4858152870732242	0.4365849161668465	0.4144065548631101	1.9769790908681009	0.4619776182116077	1.8357833456798391	0.4196011582978118	2.0112409554315542	0.4781624032139843	1.9538878038991585
0.2472940513483373	0.2748894636358416	0.2497643248312402	0.2800789423597088	0.25058594618730523	0.28098040458239626	0.25056587386978185	0.28398895963762283	0.4176082388562867	0.3809361589883435	0.4675071290990063	0.42483987875860857	0.4239243695066684	0.3925983468447945	0.4849274049693387	0.4342717578734031	0.4136111202936139	1.90749248504702	0.4612949199454988	1.8232741696245205	0.41909675270468505	2.0676372646929284	0.4775528224677458	1.926207817089161
0.24677988886680985	0.27365750887662904	0.2492047880631116	0.2790325473353141	0.2500534588304694	0.2802437956918403	0.24991122939817115	0.2829385968518205	0.416749982527474	0.382754547733383	0.4666577418733042	0.42258001660120864	0.4230578024701863	0.3916897533729055	0.4840183988266064	0.4340970825678494	0.4132875970229261	1.9844350954599963	0.4609039907726105	1.849895448357324	0.4185134845577765	2.077381740772948	0.4771188284532237	1.9611626592229208
0.24633545117292754	0.2730932346014663	0.24866771671037866	0.2790450121086675	0.2495641686497652	0.28031598818182635	0.24944505371438466	0.2821074213159092	0.4160640254939389	0.3804746930517946	0.4658042611666992	0.4228672896430959	0.4223424533790618	0.3937301951587102	0.4832137007116282	0.4327068087061632	0.4128203309640136	1.950467044190656	0.4603939828192095	1.8162664091212684	0.4181854489962651	2.070139716436296	0.4766590486544338	1.908578998150796
0.24579539910716275	0.2715746579073029	0.24818628068727155	0.27812042645182505	0.24913837916996956	0.279679192198074	0.2490487334742899	0.2824562250752585	0.4153258529718374	0.37891300948216144	0.4649926036072163	0.4244722510457021	0.4215461718475617	0.3927094891059201	0.4823487389575462	0.4310880967909168	0.4123988049602439	1.9806665263718304	0.4598885180822594	1.8787786561680877	0.4178080013954452	2.142441240062072	0.4763121454004151	1.9902980684102207
0.2453290545613072	0.27127952443818065	0.2477646147818647	0.2778891196930664	0.2485994062192849	0.2788753521413919	0.2484301285557013	0.28096432858322035	0.4146613897785096	0.3775300461359489	0.4642214670058372	0.42277546631753454	0.4208507720633154	0.3917455896078017	0.4816014482448581	0.4306237274113392	0.4118822051070841	1.9618628474474191	0.459597479400779	1.8298737464708743	0.4171941649332626	2.075602003543566	0.4758353078509171	1.9204979626260648
0.24487926625578646	0.2706871530198535	0.24727351267140624	0.27665753252287323	0.24823238366917535	0.27780429950930924	0.2480040216000633	0.2798505936748723	0.4139605904030567	0.3772043754281369	0.4634941516906075	0.4204675746545037	0.42011710387774814	0.39142621461720295	0.4808551173649328	0.42806658048964097	0.4115655869804125	1.935711224694452	0.4591298081516724	1.9083965982497035	0.4168573270666619	2.1244590704631507	0.4754835991834847	2.046002344594092
0.24447295598433735	0.2711674693741098	0.24683836422088445	0.2763917591240007	0.24779952020029544	0.2774080678956156	0.2475721946434672	0.2806137014247453	0.4133438128275532	0.37860709842250456	0.4628077784411472	0.4218485656831097	0.4194683016044633	0.3899656390908552	0.4801050696514563	0.4288826964997197	0.4112327015968644	1.9707648843243877	0.458721193241636	1.887237519399791	0.41653017581190616	2.083862754581665	0.4751349142698309	1.9258880472920916
0.2439929142724287	0.2701407299598338	0.24635146467053934	0.2761788196566412	0.2473558058473513	0.2772630542728437	0.24703811588432134	0.27998310283798994	0.4127536259552533	0.3751450349110483	0.4621495016739177	0.4204822745776208	0.4188921315388015	0.3877034979713821	0.4794308091048577	0.4299690922754801	0.4108267506028118	2.003006771767838	0.458392191911798	1.8411586610422879	0.4161535917364205	2.1349815708273363	0.4748736567819316	1.9334675065629408
0.2436165710171676	0.26896071958396234	0.2459512516801208	0.275797064066424	0.2470286798004333	0.2772868732759087	0.24666226717584305	0.2786409035973099	0.4121980692909699	0.3771888057886886	0.46149935470277204	0.4177935396204581	0.4182428029195636	0.3878303896660832	0.4787643633081285	0.4284159642802812	0.41049487637945264	1.98998558662951	0.4580947428546541	1.8716927022068368	0.4157513063741074	2.077650140682292	0.4743476337544718	1.910400572672252
0.2432334411813067	0.269469830914011	0.24548112605979105	0.2747756166252654	0.2465808465891345	0.2759075940336002	0.24636175407122404	0.27777097899318104	0.41152626120554375	0.37587494054598414	0.4608119001968866	0.4183201825321122	0.4176532845677305	0.3907068218773551	0.4781222353505102	0.4260872836016026	0.4101853569104094	1.9830886589468464	0.4576665276826906	1.8624898859897492	0.4155151147358758	2.093135587026633	0.4742091453604101	1.9324022251552384
0.2428812183836714	0.2689563103104784	0.2450559713170639	0.2737649297438788	0.2462363340075969	0.2756007241621791	0.2459080825939499	0.2775516102896705	0.4110462128194515	0.3767802480545292	0.4602543197954494	0.4182155930170797	0.41713274456619664	0.38832426171414	0.4775503697547885	0.4276533818802753	0.4099629559938038	1.9315002405914952	0.4574385177654716	1.938650113416616	0.4151688476521387	2.0816955328161804	0.4739970933548626	1.855821175654724
0.24251200828605796	0.2679383522026346	0.2448105341034413	0.2739981843310597	0.2458561032798911	0.2750293311765806	0.2455189326081052	0.2765701996556681	0.4105505424727147	0.3763413824367137	0.4596358437004474	0.4171345887884179	0.4165734443947306	0.3884729988943178	0.4768952684358757	0.42860545891428015	0.4096323458115567	1.990460549856624	0.4571398646242481	1.847156672907987	0.4148443895909985	2.073698258005792	0.4735303704509042	2.036659942665199
0.2421723052395637	0.26797926907171793	0.2444080423244221	0.2735464678394961	0.245529028729966	0.27582596562692474	0.2451380089251281	0.2768621724916402	0.4100626277597653	0.3760834283261293	0.4591509295915214	0.4159754571456299	0.4160413805411831	0.3892338308077576	0.4764080109336397	0.4270158625937556	0.4091927608637909	2.0237210298722723	0.4567590153578152	1.8293229926828447	0.4145940706520413	2.068856026814299	0.4733571756047042	2.0120771153341543
0.24185891182760635	0.2672613710016616	0.2439774728413523	0.2724653768093017	0.2451759692300083	0.27486116471110755	0.24478194846821874	0.2766484810820646	0.4095792431298799	0.3743765409760169	0.4585720930709062	0.42077159378574575	0.4155592096960419	0.3880351660746704	0.4757698816118491	0.42581091428448187	0.4091375033189659	1.9460030305069775	0.4566169964182005	1.859561637486209	0.4143636124111476	2.106141279769699	0.4731105872490856	1.9383785861096183
0.24159920839001456	0.2674562982291262	0.24360965542819366	0.27238014221872103	0.24482337623177444	0.27424945271345225	0.244408515379354	0.27570554837866473	0.4090933982490544	0.37315230589487536	0.4580210288081104	0.4173371695869795	0.41506769752168493	0.3868657077779184	0.4753025350912795	0.4241106393430279	0.4087582473693165	1.9474679814432336	0.456317777458607	1.8734964595421335	0.4139865937600077	2.0999478023450027	0.4728132536266818	1.9812094765698545
0.2411269841633857	0.2668178116873151	0.2432870343564399	0.27272767064406905	0.2445754165913133	0.2737729170076892	0.2440785238794169	0.2748211240374261	0.4086682141115092	0.3735673118598224	0.4575636925251829	0.4185527130740875	0.4146239395384516	0.3864428500928478	0.4748294187362686	0.4248387190076264	0.40865417596263104	1.9098984140552264	0.4559629139825461	1.8547482119796368	0.413947665665697	2.0668147525245333	0.4727375443908288	1.985184850101333
0.240856688127509	0.2659522307860203	0.2430284621840921	0.27200326479436643	0.24426481751913795	0.2738994658725463	0.24370306813300896	0.2748920162470009	0.408221480716633	0.3715467476260236	0.4571475463961428	0.41815076754363706	0.41416416965264796	0.3867963550603698	0.4743121917092722	0.42835484645811855	0.40835655558896095	1.946817645117325	0.4557485636715194	1.844563681420304	0.4135942340545238	2.0560978909949603	0.472385809757875	1.9111788525190987
0.24061224452523264	0.26575673213795625	0.24267470316195625	0.2717331793589877	0.2439939131882907	0.2731430974189333	0.2434615688340093	0.2738200129799995	0.4078550666787988	0.37295448956940097	0.4566362907087286	0.412662977282287	0.4137600365919238	0.3877640374796793	0.4737901505080831	0.4265591716540022	0.40813264000526733	1.9687738957913872	0.4556007708072102	1.9209758445930212	0.4133157765830421	2.0986842067503977	0.4721366747902233	1.91104593459658
0.24033366280007445	0.2654559051825875	0.2423981587873553	0.27141776755150393	0.2436386939242771	0.27325526267897604	0.2431230149492213	0.27414500091815325	0.4073969770200183	0.3734929915865649	0.4561157986963873	0.4194426178655954	0.4133488548047865	0.3846253378185603	0.4733815733791142	0.4231434199312447	0.4079391444061112	1.9564145838357119	0.4553819474854645	1.838277550081152	0.41315220434253175	2.073539258284316	0.471965512878272	1.9366141691379488
0.23999272558206125	0.2651360071193775	0.2420712693446741	0.2706163579997658	0.2433495919062553	0.2724732589032275	0.2428004971408651	0.2740605996904221	0.4071014832962533	0.3738341950518361	0.455757452133717	0.41629028028927856	0.4129398136418914	0.3839120141663953	0.4729089053867847	0.4243651790047889	0.4076359530024288	1.9549965994282552	0.4551529351838426	1.7991192343541964	0.41300231532541054	2.1072968605085323	0.4718832175242629	1.9608579055696724
0.2396831249238357	0.264756273609116	0.2417870426061081	0.2702553071520432	0.24313798873661885	0.2723092609359388	0.24256937321889596	0.2736564517480255	0.4066775378984994	0.3780448838705296	0.4553496199683191	0.4159731200180133	0.4125891259131267	0.3846688695036968	0.4724671364399722	0.4268321446736915	0.4075389877802381	1.9808687636770104	0.4549909902060498	1.9045676567839256	0.4127305920582625	2.021041798453891	0.4716114910622819	1.9242914780765628
0.2394800981651947	0.264506315270408	0.2415322909161446	0.2699012074323457	0.2428247299492013	0.2718559770333673	0.24228305398583005	0.27282503286242904	0.4063779006725739	0.3728657403741116	0.4549359243539822	0.41437711187641546	0.4121623567176747	0.3843686815146855	0.4721007627944313	0.4257232095249245	0.4074180340307358	2.0836942201907807	0.4547182615364155	1.8898484737430938	0.4124901582009776	2.031547274487276	0.4714819786698418	2.009029881332541
0.2391722442535849	0.26483938732942525	0.2412528913651678	0.2699025050137086	0.24259526408112575	0.2712430866972779	0.2419875865326584	0.2735759534748591	0.40601163700476706	0.37465326491805145	0.454566625687674	0.4126744593565623	0.4117946864057075	0.385083214987873	0.4716564132368492	0.4232321013729211	0.40724400124065374	1.9526486537678291	0.4545435025721378	1.8601121094176023	0.4123709004748021	2.088225451545343	0.4713915267872009	1.9173283915889825
0.2389982226597179	0.2635506257126906	0.2409636317322487	0.2694333468282312	0.24242435701906906	0.27093888966933194	0.241700525518993	0.2723541977961821	0.4056990540983178	0.3709608400272564	0.4541417517813053	0.4146152911770413	0.4115146790461609	0.3854709073448951	0.4713140000604494	0.4219203743944968	0.4069840910896317	1.9686993438799727	0.4543928637580658	1.8898828637512088	0.4121826587467855	2.1153727950869974	0.4711085668250514	1.9544277715616496
0.2387272814158715	0.26368087651434985	0.2407111618922079	0.2694907518356384	0.24206939476550585	0.2708460122542777	0.2414461711678963	0.2718658296938128	0.4053491035967148	0.37240122674131343	0.4538223069655784	0.4144553882353223	0.4111502677422884	0.38434482089053496	0.4709149297355914	0.4229247565047768	0.4067919213294841	1.9266043985422667	0.4542104276057116	1.8521274732139257	0.4120471513425404	2.067665285770023	0.471066325351569	2.0140170098205905
0.23844376582851198	0.2638235056980476	0.2404110327211375	0.26980832399588073	0.2418303321904061	0.2708735218636821	0.2411521282460616	0.2719069810931833	0.4050363775414056	0.3704968898227565	0.4534448379908368	0.413364459913503	0.4108439505702755	0.3826464726654363	0.4705165000308816	0.4233671361367466	0.4066310041346828	1.999948616229192	0.4540947453750772	1.9412273294018143	0.4118417362929009	2.06823332795235	0.4708922140285128	1.9133721137377664
0.2382609335451804	0.2634759074892389	0.2402028195754712	0.2690643813674031	0.24163678626936594	0.27093259168924955	0.24094217651812955	0.2729880615666159	0.4047727398607007	0.3725472359151865	0.4531195081338134	0.4131134450391084	0.4105451695762608	0.3866880124843892	0.4702039718151039	0.4219277480477655	0.4065550743680916	2.015468496763724	0.4538838242636988	1.8739302257452741	0.4117234233640971	2.0459256481660506	0.4706843095481252	1.943532596743524
0.2379586167702884	0.2630361867856476	0.23998659658504914	0.26844809908140593	0.2413645758512359	0.2699590300462547	0.2406537615041613	0.2709432413763088	0.4044751197849482	0.3715354853689377	0.4527968167591687	0.4132397973558831	0.4102357893081133	0.3808014950047945	0.4698767834729395	0.4214234898703073	0.4064430831538899	1.9922954670010904	0.4537947874491723	1.84740464740062	0.4115886019540764	2.141772622519474	0.4706337072317735	1.9165077844105207
0.2377462679413631	0.2627824022648669	0.2396788147166791	0.2681897932093549	0.2411512925003785	0.27035318530616625	0.24044174891247336	0.2706160077626198	0.40420168968829	0.3720840481003405	0.4524181725777913	0.4163536438672492	0.4099455962252192	0.38303147942732224	0.4695576851065008	0.4205445115841421	0.4062188930163223	1.957291906838176	0.4536309814550504	1.8694882580787728	0.4113617090278338	2.1050253133835226	0.470453640570535	1.9624047600710883
0.2375805933358993	0.2624949903734635	0.23946140187674556	0.2680438896307835	0.24101937648768104	0.2696545666534978	0.2402124715921567	0.2713075521204245	0.4039432224106563	0.3714752078617719	0.4521385394583554	0.41401671473533336	0.40965983870546624	0.3840251752374632	0.4692573657581684	0.4226434966350176	0.40611412291056	2.00412908973514	0.4534952626888154	1.8664869944433968	0.4112805737233459	2.0339540591492264	0.4704363474977015	1.9294860938434208
0.237363209805128	0.26261943206314736	0.2392346521823779	0.2678459867895397	0.2407413791626284	0.26925157659890114	0.2399607835936061	0.2707149087432909	0.4036688804137346	0.3715012084031643	0.4518468845287225	0.4147537396367239	0.4093642631310587	0.3830949123628579	0.4689003928252728	0.4262756037015269	0.40612373553267456	1.9538151938145432	0.4534237098083784	1.8463932832124328	0.4112094417149085	2.0412511988929145	0.4701280622479943	1.9508569043009223
0.23719931020500346	0.2617917515524956	0.2389809033507037	0.2670683785229199	0.2404778391700455	0.2688692050102531	0.23973030611003365	0.2702991817804235	0.40346020427780266	0.3727446867133278	0.4515770833293386	0.4142043362962663	0.4091327155838503	0.38232318784538666	0.46864561568866103	0.42248507573173655	0.4058858754957497	1.953191156984444	0.4532306861318513	1.8013805027272738	0.4110494276351358	2.051389353738016	0.4701876420772325	1.9803906962909703
0.23691934878860024	0.26205772196013377	0.2387692544695735	0.2667883538952878	0.24037157187737326	0.268839750225963	0.23956566071572416	0.2699192407046345	0.4032117839505995	0.3719529189645023	0.4513202446795077	0.4116387358426799	0.4089005983097706	0.3834668596704403	0.4683363841897894	0.4239463790469256	0.4057177965859435	2.033524494264224	0.4530878240909337	1.8879013380026977	0.4108961880524989	2.084740779969917	0.4700688419886474	1.9697677284334687
0.2367222063215516	0.2611133893054523	0.23854887513929354	0.26646114155738193	0.2401197563877912	0.2683817427077305	0.23931528531580665	0.2692888459969497	0.4029814832141931	0.37079953255808784	0.4510463830997579	0.4157923261784958	0.4086395186570128	0.3832090898183166	0.4680897621222354	0.4235025568381965	0.4056713909606078	2.0051826572886786	0.4530554112187231	1.9250791633392688	0.4108439168399983	2.085243101574638	0.4699732963239007	1.9617670707893864
0.2365149136762392	0.2615598915412554	0.2383450513276831	0.2663763861072529	0.23989550975173965	0.26824273483566885	0.23909373178738105	0.2689288154567953	0.4027548183794599	0.3700962887205588	0.4507707220092162	0.4153954217449613	0.4083708065393937	0.3844197590150789	0.4678076395020188	0.4211909540041018	0.4055640209283425	2.0001572564211623	0.4529136651433006	1.8414671152096	0.4106918346183983	2.078877280618191	0.46990590847962105	2.035224756169672
0.2362684280370524	0.261044951478693	0.23816987554004976	0.2664149568700813	0.23973933036390924	0.2694866040631378	0.23894807592573356	0.26935634274231346	0.4025375269606703	0.3703935612369001	0.4505051718330181	0.4125471807663208	0.4081969151779197	0.38300101410239457	0.4675327075042649	0.4213648327691866	0.4054433706746329	1.9978063123316876	0.4528255492477154	1.9333489689169376	0.41060022553979786	2.1055410873936617	0.469712652924807	1.9453940205852327
0.2361338977277927	0.2606252280117292	0.2379901238987989	0.2660984415317324	0.2394839936657616	0.2676509539588389	0.23862252579414636	0.2688800623459484	0.40232630802616204	0.3710521184546225	0.4502812435011184	0.41252683945382224	0.4079600314470457	0.38101527993945294	0.4672612811342566	0.4206834416170971	0.4052611965858455	1.970452224469804	0.45260204772671403	1.886226456096136	0.4104204141089187	2.1118568127614856	0.4697531111412378	1.97810713640604
0.23591553260359985	0.2609758732957785	0.2377207060257056	0.26564070340979345	0.2392719554795946	0.2683015122240928	0.23843681947867365	0.2685346914733931	0.4021372577191582	0.3708125443794674	0.4500388940024193	0.4131752098020122	0.4077466212045044	0.3830581832215433	0.4670289988310464	0.4217509668733101	0.4053141433787934	1.972110161323185	0.4526440210676698	1.882495047347842	0.4103614629453284	2.034772216573226	0.4695465622054692	1.95424097153099
0.23574714020643664	0.2608960089883152	0.23755319971252045	0.2660644116526573	0.23910137028330464	0.2676654205356459	0.2383182570310661	0.2685710664614209	0.4019198719961027	0.3710846841549157	0.4498336418942636	0.4126369224783016	0.4075409165894999	0.3830418802507078	0.4668479072887341	0.4214929075078199	0.40510209129098507	1.9738586096639816	0.4525604967645762	1.9017627980397065	0.4103053025111363	2.107598075859734	0.4694732575321943	1.9502450096584252
0.23559493779124674	0.26033148414489804	0.2373890736658883	0.2656566677328743	0.23896456182948245	0.2669635957953987	0.2381505592494039	0.26874745681057743	0.4017364619421597	0.3691043401890796	0.4495993470836152	0.4108101926027775	0.40735273756424895	0.3812939054247046	0.4665707740555095	0.4205001559665981	0.4051244131526392	1.9918301838753936	0.4524648256070349	1.909305286109863	0.41020159673218576	2.1040561555209343	0.4694109462825082	1.9430973384811083
0.2354141371370916	0.2602736933971732	0.2371495042909167	0.2652354558287812	0.2387523385503413	0.2673154983551535	0.23794640118803714	0.2675839833874174	0.4015190926996178	0.3737965776952754	0.4493408606264232	0.4134694301845033	0.4071221668205471	0.3813589603123171	0.4663679386528538	0.4244892425085508	0.40495364656569577	1.9852759994664884	0.4523325056939815	1.92311027692566	0.4100505847512845	2.106876353091686	0.4694276497041182	1.9674208413224068
0.2352530605713637	0.26003520454684304	0.2370221370209664	0.2648272211353314	0.2385626274340684	0.2669350708154685	0.2376995384424876	0.26833111741898835	0.4014087665608828	0.3711724546586902	0.4491487030269836	0.4121385773819005	0.4069499915640482	0.3826237403949042	0.4661253572719772	0.41926851415067423	0.4048854335757637	1.9850440817314283	0.4522532198570685	1.9286189730538923	0.4100204531826837	2.130085082795308	0.46927405120522997	2.0213327851715603
0.23507632734383024	0.2599490918701416	0.2368377075578166	0.26438158861543304	0.238423910321086	0.2664888908418873	0.2376028384829881	0.26764774117904483	0.4012292051540302	0.3725054964862039	0.4489598006733173	0.41229282739469336	0.4067709198731769	0.38128191588669547	0.4659102595306661	0.4202473777873863	0.4047918024747032	1.8935097178237608	0.4522452310944073	1.9222624967570132	0.4099584193409893	2.058465992135598	0.4692022824884806	2.0200043100259917
0.2349133748362748	0.25961952431669244	0.23663769205731425	0.26470324809463697	0.2382793382055056	0.2670493496084869	0.2373106814510411	0.26756092437622314	0.4010638466722897	0.3698272542767077	0.4487621179292927	0.4122751456487516	0.4065949960521215	0.38323706846936506	0.4657119938896994	0.4206131386202642	0.4048221380640703	2.0317654180365263	0.4521663444387568	1.89366558672826	0.4098628037706515	2.0590323042674856	0.4692013679336378	1.9876804422409315
0.2347316346427777	0.2596261771790939	0.23646921385656355	0.2643343064760625	0.23809833637587585	0.2666864307412635	0.23729392171193744	0.2670640928337959	0.4008935578157017	0.3705749365491777	0.4485628452039391	0.4113035005987769	0.4064308820028445	0.3822086984345973	0.4655128869499425	0.4203838103465176	0.4046986937827476	1.946136896674056	0.4520202914155644	1.9203542007503025	0.4098453490597236	2.0996696821255445	0.4690798351306642	1.97908545566202
0.23457540275393965	0.259602385182343	0.2362400073863511	0.2643741614476957	0.23796446385321385	0.2670378256909489	0.2370360991612833	0.2672612070997717	0.4007466771584667	0.37099572566614536	0.4484292464717258	0.4141136008022541	0.4062922305789241	0.3804691086561802	0.4653657757945128	0.4205634452414844	0.40455819661244347	1.9650861086198577	0.4519462971130255	1.8776721624761024	0.4097025549217905	2.0580864580303984	0.469043818051102	1.9879386428342647
0.2344203160596464	0.2589897614960081	0.2361158606066755	0.26386201265529285	0.2377980980708615	0.2671359396674989	0.23684783135486615	0.2666721097221176	0.40059389592708855	0.36990979964787657	0.4482075092094139	0.4107705733446035	0.4061098285714863	0.38121778218891256	0.46518893203608797	0.4213482017099349	0.4045611469278617	2.0216199104928867	0.4519192702684326	1.9617506799197009	0.4096372287858215	2.0930319395319223	0.4690279389958898	1.9978431110623969
0.23424983036469546	0.258534785686843	0.2359022159545533	0.2634801264699177	0.23765888545807196	0.2660989172944161	0.23673793904817325	0.2669524522932962	0.4004470886726417	0.3703836713747552	0.4480487162361555	0.4127833259437166	0.4059854553769144	0.38096084153105053	0.4649764455843916	0.4212398022649391	0.4045535153145112	1.9885389577993384	0.4517676050998174	1.946230577604125	0.4095200164269529	2.090608499651846	0.4690230885285502	1.9661775145680451
0.23408267503750865	0.2589309825305009	0.2357568823565112	0.26363463892451355	0.2374624456186643	0.2657948335780224	0.2365120227619248	0.2670673346817869	0.4003077997956153	0.3721324252358715	0.4478890373403831	0.4111168333270087	0.4058137475053592	0.3830060167757451	0.4648230938563364	0.4231557170449039	0.404377584406796	1.9900957618004442	0.4517505536453982	1.8804706783299745	0.4095560368575325	2.039698090150247	0.4688375736493911	1.92878647694652
0.2339036724972033	0.2589046989578894	0.2356038125747877	0.2635263674414797	0.2372752206549417	0.2654440299930044	0.236376646686432	0.2681899666331076	0.4001711729670294	0.3707321460141179	0.4477342041569405	0.4093064663299336	0.4056609022289186	0.382406117193794	0.4646481070000873	0.4205849767800564	0.4043445503396664	2.052748726671352	0.4517706609842336	1.8872382788376048	0.4094061274452823	2.0872240947162117	0.4688954240535129	2.032251401644416
0.233720619495404	0.2588960284420507	0.2353989511391903	0.2631504609799941	0.2371738988171589	0.26519571342863857	0.23620091862031425	0.2656046229949962	0.4000486899880481	0.3682319662962674	0.44756015342954986	0.4100137569165084	0.4055489927102866	0.3818791267547145	0.4645288437001843	0.4203724746640656	0.4042775730175281	2.045347261457328	0.4516797670207489	1.902349602898297	0.40938679784707005	2.1368404440287456	0.4687933721008597	2.0049431397773843
0.2336927434879568	0.2584101561887055	0.2353348531439029	0.2629073257999871	0.2370004879850145	0.2650463506564558	0.2360322640065505	0.2652217415424546	0.3999210265507201	0.3709983605006508	0.4474349301164923	0.4114734604542593	0.4053966372315323	0.383712760401264	0.4643394525870969	0.42282308150895387	0.4041946063139466	2.0382461339526188	0.4516514552130009	1.8418005981354133	0.4093473061765529	2.1176526430917844	0.4687489069724942	1.9366870357508872
0.2334917863561774	0.2582692641543009	0.2351377688608097	0.2627731264527991	0.236888196348214	0.2649259989372913	0.23583526747780514	0.26601127923092954	0.3998042295306983	0.3700475398646572	0.4472426460615842	0.4114781096254626	0.4052932571510184	0.3816179581012119	0.4642061310260974	0.4223439142582466	0.4042040099707517	2.0352590817647203	0.4516155933718624	1.865926664210072	0.4092388639498941	2.0948371573294247	0.4687183821543041	1.9584224545918456
0.2333689846848913	0.25781949607588744	0.2349846279763136	0.2625772206619927	0.2366977847219206	0.26536157577646163	0.2357304707034637	0.2659318593938103	0.3996650710621072	0.3702780124513464	0.4471213443531963	0.4120445509522926	0.4051499598007689	0.3812495604021557	0.4640536849776079	0.42097376929678215	0.4041200831898483	2.0030973325504835	0.4515410892405681	1.8592462183176839	0.4092112703403757	2.0934470434380703	0.46865378896293103	1.9562311853500376
0.23318230807682286	0.2581623131895942	0.2348099108829865	0.2626764950651103	0.2365564314510355	0.2646093414695082	0.2355737543100828	0.2653366697524365	0.3995635128734464	0.3716962844075457	0.44699619112247946	0.41266635915305977	0.4050297299566196	0.3828380604080064	0.463946469236655	0.4208340641138425	0.4041596980748684	2.033448327229592	0.4514747895781864	1.8895748333107485	0.4092153358092411	2.0954863798902466	0.4686780381637124	1.9618971241429919
0.2329951574111396	0.25850743037039964	0.2346972154205128	0.2620628230715485	0.2363965008403313	0.2640542070260205	0.2354885942109611	0.26475877622653826	0.3994467053318191	0.3717968929667593	0.4468410980103609	0.4128384669811884	0.404916456053108	0.38121355570365995	0.4637480863073004	0.41911088905271743	0.4040290573583544	1.985282052347649	0.4514899321577008	1.9008400385918491	0.40907677853117896	2.1050374132728407	0.4685285635716757	1.903068973299248
0.2329066472821564	0.2576201445718708	0.2344617123716852	0.2624875157092025	0.23625390832343854	0.26460437301117684	0.23528569991795234	0.2648860265897031	0.3993714333428742	0.3695869826605759	0.4467572280600225	0.4131370029573858	0.4048008163541044	0.382295478292958	0.4636265298065365	0.4200410216908619	0.40395453808828735	1.9783865202708784	0.4513937971196386	1.860746200448306	0.40901344686195773	2.1142198757523443	0.4685472510996148	1.9817928147896948
0.23281845867114026	0.2581395374191891	0.2343576754635263	0.2626467799295049	0.23613980933060175	0.2645011782472047	0.23509955080878306	0.2648595931951715	0.3992628886347778	0.3703162555586581	0.4465766608071422	0.4134139727140011	0.4047083404841921	0.3818315811436314	0.4635161748854022	0.41845842021465796	0.40394520800935263	2.000812700597202	0.4513496752296096	1.93903373454594	0.4089543878738664	2.14083025845056	0.4684595132970599	1.9886417737180324
0.2326808163959489	0.2573456394774103	0.2342415378341487	0.2620982912268093	0.23605304718551076	0.26418379026337546	0.23500514685054344	0.2645217622854456	0.3991706112913862	0.3690814346516145	0.4465285709573514	0.4114336240298725	0.4046061628731111	0.3824319812121244	0.4633815796515474	0.42155054761861216	0.4038336077581113	2.037321218416262	0.451306471692873	1.9123998606444812	0.4089157960307236	2.0836801638950524	0.4684098265704813	1.957756167713148
0.23254909026969656	0.2577742125373241	0.2341248963478781	0.2618575021352484	0.23587208141840724	0.26402336360804946	0.23482555196743826	0.26436166696106483	0.3990624341041355	0.3704877148643704	0.4463802015023936	0.4132890201974724	0.4044843720190096	0.3815702566305321	0.4632927468105428	0.4212204082465917	0.40386756438495225	2.02277820922885	0.4512253127634068	1.9210821018221529	0.4088774474378723	2.07176393489345	0.4685030991749321	1.9740799651441328
0.23238352332573603	0.2571184272067131	0.2338899847101353	0.26189177750900017	0.2357812142778608	0.26382792390569826	0.234658718375308	0.2641526339675205	0.3989384768486921	0.3710227404310486	0.4462744055073065	0.4116890270634427	0.4044010986336956	0.3823415596026408	0.4631578774641321	0.4236925426379931	0.4037997517123715	1.986764352450324	0.4512231276032597	1.894522627593116	0.4088675423423612	2.139303349425978	0.4683676484550721	1.964695166420726
0.23227657368530205	0.25663744812427736	0.233793824730178	0.2618280909097208	0.2355616444193578	0.2636239721200656	0.2346130219695106	0.2643234420771317	0.39888694524113594	0.3696914927666097	0.4461680397030872	0.41008952554966377	0.40428045651658295	0.3820836114222238	0.4630498094764723	0.4206844889755865	0.4037685179097211	1.9862176044775144	0.4511792492614398	1.9432857694018608	0.4087480810189513	2.122554171299857	0.4684011107454297	1.9694278931508509
0.23213682011901715	0.2568512932856192	0.2337382511091186	0.2613314496818652	0.23547401288904915	0.2642172406207485	0.23442072499919245	0.2638155637600453	0.3987907696206913	0.3690599101526104	0.44607920076588775	0.41204639797450215	0.4041967535479581	0.38183509070681854	0.4629287721866456	0.4205372612436072	0.4037116763446987	1.9957978653247657	0.4511373687207106	1.8923616015446485	0.4087474608044927	2.1164393739533782	0.4684325018330199	1.9291312532131752
0.2319908908131944	0.2566963727839811	0.2336258484781786	0.2610293141668928	0.23542153606658303	0.2634671246937789	0.2342975708146716	0.2633602656322633	0.3986941493809891	0.3695810599736273	0.4459123335153837	0.4126412840564256	0.4041180388735903	0.3830512367586577	0.4627959215644801	0.4201419787799712	0.4037353841024408	2.0643689416808506	0.4511220454363744	1.8768045717830413	0.4087685556985479	2.125716097571288	0.4683749701818524	2.032838862569642
0.23188578463831785	0.2565126791264968	0.23339345714527776	0.26124130518488986	0.2352416433564145	0.26307226763379643	0.2342186779684501	0.2632293262210439	0.3986328211354979	0.3714581860753164	0.4458849369450212	0.4122062869974808	0.4040381504271489	0.3818852101977692	0.4627263294338533	0.4218152377624685	0.4036972661684151	2.0240145945056693	0.4510122462827811	1.910802588283315	0.4087766175938706	2.107910489301489	0.4682814701106298	1.9449038045212104
0.23180018738620906	0.2566115274292232	0.2332189256074527	0.2611331569241002	0.23514894327581715	0.2631258770410904	0.23402210977460014	0.2637145666437837	0.3985504436429335	0.3703092827241256	0.44576503920842797	0.4097060536318856	0.40392187663717294	0.3812665729079658	0.4626016231429277	0.4228135659646909	0.4036494961020623	2.0245087642402466	0.4510902474033217	1.889175726830599	0.4086234356416184	2.087924040770374	0.4682616771693712	1.9747187021315145
0.2316761068469601	0.25634941288824303	0.23311793525301094	0.2609698573148043	0.2350200756256615	0.2631536811574364	0.23396972279461184	0.2632727960297631	0.3984687362132263	0.3696956868876718	0.4456484991279012	0.41259618068974657	0.4038782523029162	0.3833899113438307	0.4625405323605671	0.41984619053423466	0.40356058642832615	2.071901340375708	0.4509858095590768	1.9213595517752902	0.4085784412170262	2.133187877349063	0.4683402316657746	1.958241211941388
0.23154504106062695	0.2560800785748784	0.2330356443411885	0.26064479786571965	0.23486767310027615	0.2635107430085331	0.23376759662479346	0.2631272146847213	0.398417280547428	0.3724170086148217	0.4455891555367741	0.4115796610991469	0.40378882350884093	0.382571166322484	0.4624544883597406	0.4199242195904496	0.4035772150887324	2.075506900492025	0.451009309394221	1.906783712898844	0.4086278752166428	2.104840773936485	0.4682241195716978	1.9585446814649825
0.2313841080821299	0.25597589746306565	0.2328757205770769	0.2602964653722889	0.23475932370732935	0.26339105070013263	0.2337649354913353	0.263054857111517	0.3983085911058388	0.3704141084122041	0.4455006208646173	0.4104970221001572	0.403696270434356	0.38318924905473584	0.4623611129720439	0.4216001519735912	0.40351908472986797	2.0613268888231757	0.4510053637360386	1.9445347270676836	0.4085204555255123	2.0888819544923694	0.4682328103738927	1.972764310700019
0.23126691887301795	0.2561316320810033	0.23274428376745054	0.26040457917766796	0.2346579745579494	0.2634187461669191	0.23357204452712016	0.26296690967851377	0.3982850640990515	0.3709491974597449	0.4454139168345321	0.4161178848279719	0.4036520982468288	0.3822760524851696	0.462298363460529	0.4189196228847356	0.40351654278947213	1.9927208679747068	0.4509197371489216	1.951733339435194	0.4084892966786013	2.132228332610333	0.4681760164301123	1.996827489153084
0.23115756833775844	0.2559440962717469	0.2325699995924402	0.2605073231411965	0.234545245291174	0.26317486842903404	0.2334512356783296	0.263073564897566	0.39822136109608375	0.3709506938045452	0.445364463807095	0.41273845545752624	0.4035226562140818	0.3831013178438648	0.4621992570277096	0.4202072117463732	0.4035068841307483	2.0802342126144846	0.4508626675090643	1.903678930658212	0.4084698865325802	2.1599051418567856	0.4681577309664557	1.987543883832452
0.2309971092612415	0.25609467678668923	0.23254765329424704	0.2611962319465203	0.2344664499983849	0.26268391915486394	0.2332960884071507	0.2628288190475728	0.3981394873455287	0.3712939169218337	0.4452642515574332	0.4120254546898437	0.4035066390835022	0.3822672867529024	0.4621463464606548	0.4239213389342704	0.4034110482431058	2.029712980071052	0.4508935981121722	1.9252701964909305	0.4084177195906904	2.129554657384889	0.4682125360772438	2.072496101743996
0.2309016761565367	0.2558692411151226	0.2323990705468946	0.2611103750877619	0.2343430198418625	0.2627080769330237	0.2331547551667109	0.2625152540817559	0.3980819676538639	0.3718122072347452	0.44518054188010375	0.4111395944865015	0.40341904402739626	0.3821117341571867	0.4620219009482484	0.4212498898008227	0.4033853006123025	2.024417675694703	0.4508043746806042	1.9366464281009332	0.4084488574066184	2.137954249783156	0.4681447096120778	1.984405938186428
0.23084219454494465	0.25516301999211777	0.2322885010458874	0.2604397409187117	0.23415667823870184	0.2622554688620762	0.23306708041924856	0.2628419025520445	0.3980440908063363	0.3711147878688269	0.44511885989468003	0.4121882837972472	0.4033542344505641	0.3832923230176408	0.4619584445232453	0.4215586034550156	0.4034244624496641	2.0553010435473533	0.4508118457146908	1.9309664520559757	0.4083766960194404	2.099953163367456	0.4681256503140762	2.015764523451645
0.2307185175507318	0.2559872712697825	0.23213935135557576	0.26018921794462196	0.234065715179838	0.26229187402146786	0.2329203345368701	0.2629281261321297	0.3979556113173043	0.3713319666638006	0.44508888669263785	0.411729320752316	0.4033113851623321	0.3817860425445313	0.4618904415102086	0.41978693394708	0.4033731673153296	2.0909650811920457	0.450853501496586	1.8957757775063742	0.4083590025358784	2.1703183454042825	0.4681119659434821	1.9880788286371331
0.2306339928635395	0.25554556368764403	0.2320552606065067	0.2595848952379924	0.23399550297359095	0.2621955096347661	0.2329114491412533	0.2620172288179018	0.3979329025868337	0.3714694213637288	0.4449477110922155	0.412395383031544	0.4032246948008851	0.384500363813528	0.4618171595970616	0.421014529076334	0.40335660828316205	2.056847285071927	0.4508262895656701	1.9147342065995168	0.4083134090656529	2.137069695388944	0.4681084543507142	1.999375855730362
0.230480996631934	0.2555730825913521	0.23193539677851796	0.26039872351997	0.23388708738131425	0.2622802936583985	0.2326874628985177	0.26231981347114725	0.39783262230190336	0.3699213314313029	0.4449173431954613	0.41281748988432704	0.40320554144150944	0.3823405700131621	0.4617961677636047	0.4214944159981025	0.40335707462483816	2.045320786325495	0.4508135662584161	1.9625998117337864	0.4083065299677514	2.125399553303256	0.4680172620977696	1.9814929119516882
0.23041916735408746	0.2551942050662793	0.23184539413915325	0.2600232410643429	0.2337289951318076	0.26176560064780824	0.2326257651197705	0.2631149614225717	0.397837647317286	0.3715129644903906	0.444856163913226	0.4132669597111184	0.4030987572798043	0.3829606542594052	0.4616659371195767	0.42364172836842784	0.40329247182951256	2.042840422406851	0.450768574689053	1.907822954141004	0.4082900371199837	2.1997647160561185	0.4680479908583559	2.034851234230369
0.23030788673155475	0.254929873777468	0.2316454798529223	0.2591961627234565	0.23366453047955896	0.2620455163528099	0.23253842943418115	0.26168813638007704	0.3977387875274618	0.3713032293389207	0.4448075206281	0.4139860104037108	0.4031057554963973	0.3822036931147257	0.4616239241600241	0.4223068868664816	0.4032560214843555	2.032926069614493	0.450722582128719	1.920993865909555	0.4082909195636426	2.1046342483420712	0.4680529741208066	2.027266070849233
0.2301476539660785	0.2553760760924025	0.2316010361890155	0.25940710234634906	0.2335588685166177	0.26197997332569073	0.2323654050436243	0.2622974279764109	0.3976779221903685	0.3722732411378666	0.44479678258216176	0.4129898274028617	0.4030113823003345	0.3823027303176426	0.4615704545538927	0.4204739597207639	0.4032654490618333	2.069816936638305	0.4506978741637071	1.8896148402997521	0.4081798834416451	2.1318184874002517	0.4680930231796254	2.061447602107969
0.2300937961456452	0.25547279528029354	0.2315134195174395	0.2591853202968375	0.2334355128841665	0.2622772173804042	0.2323089725788357	0.2617085520523129	0.3976850903367256	0.3704057240195651	0.44469310013527424	0.4119673605402911	0.4029952792583174	0.3842506617918056	0.4615223073610743	0.4213923142930819	0.4032055297615825	2.0005707721154247	0.450701198977135	1.9223671812087	0.4081996490156133	2.14816013956662	0.4679794471781996	1.9866433615672159
0.2300140614466979	0.254763861886732	0.23134305226939664	0.25893345367650444	0.23338982569467995	0.26208862237769304	0.23219512277400084	0.2615927896879717	0.3976175412095183	0.37157683736327374	0.4446191273444995	0.4127339885175665	0.40292383312020696	0.3830990447451277	0.461473958695908	0.4210952763725671	0.4032045793715856	2.028356290846641	0.4506580368926336	1.968250767373048	0.40822176842557095	2.138336567343346	0.4680872381686159	1.9551233776251593
0.2298214413651553	0.25454349400203913	0.2312333435965555	0.2595561509870943	0.233239615306118	0.2616883827879581	0.2319968599973979	0.2627959583729088	0.39755127105042976	0.37086886595246826	0.4445797501265949	0.41200986603465134	0.4028908226636045	0.3851239443636204	0.4614302100933204	0.4229248393934606	0.4031941350996544	2.0460275264780767	0.4506597197208778	1.9681213162159208	0.4081365960155313	2.1695586494158072	0.4679724783231665	1.9769898059002295
0.2297953291942638	0.2547831859996884	0.23118591646005096	0.2593250230125884	0.23316368224863016	0.26140931848431403	0.2319324398652199	0.2608908682677717	0.3975561509571436	0.3731738340339598	0.4445402565134993	0.4106970629201625	0.4028351879711929	0.3835899441262535	0.4613850149689652	0.4199146740879245	0.4031502686045064	2.103566146943288	0.4506728201362554	1.9251031744852931	0.40814941387327786	2.1517570941352124	0.4679799110709484	1.990824868563328
0.22968491621148146	0.2548755068003233	0.23106045733574265	0.2598399709882699	0.2330718916006325	0.2615976910391348	0.2318832912858577	0.2615696049266488	0.39751806963697095	0.37122045258428493	0.4444936538879149	0.4137760362990111	0.40278871328899774	0.3832661870002105	0.4612866506989576	0.4214644849808303	0.40317495204244985	2.1009937098884115	0.45064526809791705	1.9229108047282728	0.4081018672640369	2.1111546114584767	0.4679474446630529	2.060609381446309
0.22960044964983395	0.2543989527800131	0.2309294318700084	0.25875724553685925	0.23295501703625826	0.261080983102848	0.2316965536296236	0.26111330833795826	0.3974788416902445	0.3722605192575741	0.4444470853839024	0.4118966601019323	0.4027697319047908	0.3831134749770539	0.4612904557322426	0.4222450369649055	0.4031410482459628	2.0612641267350345	0.4505754938840435	1.9390603677264466	0.4080555413005384	2.1290389306437136	0.467993276483492	2.0572274505169963
0.22948044614222365	0.2546642064973024	0.2308104011753999	0.25875408291602997	0.23285481229012175	0.26117166480840137	0.2316556934431717	0.2604252835550787	0.397424983905793	0.37122675856233694	0.4444318911695954	0.41424876274612027	0.40270496758253416	0.3836376223663593	0.4611720253672038	0.4211536641478414	0.40307472317498777	2.0857320700925897	0.4505732316832894	1.9456141517897003	0.40803374783969065	2.1292137642177758	0.4679801724714262	2.0273787342578347
0.22935148184200135	0.2541617280113833	0.2307474138667652	0.2584373111294985	0.2327221690374387	0.26114959337386656	0.23160358879984286	0.2608957654229436	0.3973737399276931	0.3715871019398334	0.4443964139767865	0.4149804480951951	0.40265393806510097	0.3825284388545098	0.4611899396827566	0.4224820950138567	0.4030935036215424	2.072023616639055	0.4505039957031711	1.9691370735842189	0.4080376423894386	2.1192990605491278	0.4679689204503418	2.010921331715532
0.22929038194326065	0.254260734933661	0.2306251947702071	0.25822849404201603	0.232624781582438	0.2611443525263453	0.2315195660867067	0.2606679017466146	0.3973821651880218	0.3707875757451584	0.44430501396576577	0.41194321138296697	0.4026244995640447	0.3829529257539962	0.4611362263955758	0.4227644951153914	0.4030632035999817	2.0498472912584944	0.4506155614443246	1.8996142942776728	0.4080316074488913	2.154348282801045	0.4679271196153595	2.0403614903927387
0.2292184323514984	0.25472110751183985	0.2305553024030517	0.25819442992519553	0.2325920149210009	0.2610230594764596	0.2314069725776739	0.2613094490904248	0.39733403607813583	0.3736326526162656	0.4442862742994644	0.4126390066225623	0.40263088785211815	0.38336513120063415	0.461131211258719	0.4216894723674361	0.4030328723576551	2.087358808431973	0.4505622060212346	1.9210770707643012	0.4079723500165401	2.162581660850266	0.4678755007457319	2.0026642544542947
0.22913075370213465	0.25412070943527065	0.23038866596900534	0.25841136185401514	0.2324328604366848	0.2608973781102904	0.23120557358448365	0.2606945091951385	0.39731284924425786	0.3724833669229765	0.4441986726697172	0.4137358138211587	0.4025389260779642	0.3842166377559231	0.4610631501345164	0.4221320205346799	0.4030184462383323	2.1123659251402844	0.4504640869891182	1.914360841569115	0.4079527656365122	2.165300493877997	0.4678618115134111	2.0384029930358656
0.22901846882174234	0.2542625938834489	0.2303411793886278	0.25775788111200243	0.2323833532665359	0.26078449979688645	0.2311070255221613	0.260191234744218	0.3972830283548216	0.372695169773742	0.4442259590933774	0.4136439780293247	0.4025410048909704	0.3833925634297328	0.4609860462606944	0.4243509833152242	0.40301757052227577	2.075683934320833	0.4505492261129779	1.9409565810670923	0.4079690536675844	2.146615769408644	0.4679313621662352	2.054798702139057
0.2289178999027105	0.25397320018311864	0.2301678727704318	0.2579602223186725	0.2323367603397261	0.2609569735745416	0.2309955394177547	0.26037288246267337	0.3972462769444572	0.3719760393691822	0.4441896900983451	0.4130968914596573	0.4024736284564909	0.3857084885495788	0.4610252193166554	0.4217961106417621	0.4030016326994784	2.0746533941458	0.4505816123026639	1.948113904120588	0.40795227317090704	2.1530901087793914	0.4679077819533621	2.080249664215332
0.2288003312886757	0.2538405820409755	0.23010146617033225	0.2583617535702665	0.2321900258300926	0.26062285007292924	0.2309678915044876	0.2602769859423557	0.3972463932012497	0.3723335673517133	0.4441549013247878	0.4145373371724217	0.4024626731963713	0.3847620349406911	0.4609831842172661	0.4234715443338972	0.40296807919074784	2.0690057023129893	0.4504584983463941	1.9426985907448564	0.4079050661254999	2.124178031203076	0.4679205866677169	2.1122513662556965
0.22877320936210224	0.2536886626347849	0.2300390631293804	0.25787871494967424	0.23208798618895898	0.2602385849376004	0.2308757272288849	0.2609264513215619	0.3972004605907225	0.3732285027743491	0.4440974943471414	0.41393490587226794	0.4024326606169567	0.3853947125238267	0.4609408541816576	0.4220495812738578	0.4029352310381078	2.155273547298238	0.4505031078553088	1.9751580273137053	0.4079268137637277	2.154902775728816	0.46794306764572596	2.0322774041657525
0.2286393896385891	0.25348551167105543	0.2299498606376031	0.2580965666979577	0.2320552759306212	0.2602209150919789	0.23078273663072524	0.2608083227960865	0.3971818522688512	0.3727643739920522	0.4441100046894307	0.4151703451296053	0.4024355587589961	0.3831961148789261	0.460876803108085	0.4230094515728405	0.4030182102786852	2.062846040070338	0.4505142278227412	1.9671154112923817	0.40784140966826943	2.182876461728874	0.4679510193482136	2.048816165192084
0.2285417227375856	0.253502635335346	0.22987781710625246	0.2582130525428123	0.2319478822938421	0.26137101415555386	0.2307431571638699	0.2603372063847163	0.3971473566478981	0.3729695126532368	0.4440718652075128	0.4144103890186041	0.4023906038518421	0.3857656404485188	0.4608756600126331	0.4223225778137235	0.4029915363992167	2.0473261687806397	0.4504947222997284	1.9309928000238448	0.4078732638093256	2.159562357503669	0.4678690137429889	2.067924077684491
0.2284164787743704	0.2536311834332288	0.22975009437380986	0.2576670806948213	0.2318122710212931	0.2608160168470737	0.2306147557951143	0.259666126403713	0.3971546843636007	0.3712685325253008	0.4440103568774909	0.4141388245718881	0.4023597819519811	0.38514290365746495	0.46084652734680104	0.42492403270222	0.4029263803013961	2.0675533016826138	0.4504106399191207	1.9542761832054183	0.40782079710561797	2.1404456434857124	0.4678328771128658	2.0387487796805988
0.2283486689787695	0.2534006410057932	0.22962027044845074	0.2577936883807285	0.23175893989532956	0.2604490583414386	0.23048897180897715	0.2599194786612093	0.3971042066435116	0.3729188068954912	0.4440081997249347	0.4151951519429621	0.4023276932869517	0.3846435820304291	0.4607845444634706	0.4214100745034727	0.4029214658334594	2.101473344052252	0.450518989735736	1.9272798450413744	0.4078019647307997	2.141742035066865	0.4678678039206602	2.028492226099463
0.2282498600347276	0.2533886510106832	0.22954282649914035	0.2574199480381503	0.23167073134100824	0.2600562064755399	0.23038772122636725	0.2594758259556333	0.3971001291823504	0.3735929393976825	0.4440044872828894	0.4128645376865774	0.4023003459202407	0.3852009127708201	0.4608222444085167	0.4235184071202648	0.4029160489602519	2.0685361667534528	0.4504187004827071	1.8298328277734035	0.4077903961400081	2.164141776211732	0.4678922333026844	2.0465665371894013
0.22823241374097025	0.25381727257629577	0.22949433774865255	0.2575392122010961	0.2316345441367504	0.2596114502786743	0.2302768923491869	0.2597280202540939	0.3970540710590191	0.3739038793374861	0.4439695109540723	0.4132896601342891	0.40226798136904507	0.3832660906160514	0.4607975596277207	0.4231315912384501	0.4028535284756854	2.059545201519461	0.4504242152435292	1.8601234650027745	0.4077773031353312	2.158561930492749	0.4677997441648777	2.0468670438227368
0.2281598363390227	0.2537623832877766	0.2293638863643326	0.2572270520474203	0.23147480737755985	0.2601631864441335	0.2302440444567387	0.2597807264705553	0.3970568574335955	0.3720559926734482	0.4439251298067937	0.4156330210832153	0.4022649618150155	0.3856101548445387	0.4607166418520064	0.42582283223721457	0.4029060247844005	2.102441573600498	0.4504253588558904	1.917046373437089	0.4077582950046808	2.1286176928691227	0.4679105501721939	1.9658539219211597
0.2280647767978045	0.2528935193156715	0.22929703917358485	0.25735561872401663	0.2314465014847689	0.2600959637184699	0.2301126443546282	0.25986153051582644	0.3970195631400713	0.3722357272763194	0.4439411898530733	0.41447815810071104	0.4022370825286242	0.3846640570412518	0.4607329431987733	0.4247368502454705	0.4029057624651581	2.047529969855882	0.45041951689036897	1.926553173991569	0.4077345158951132	2.129910324921243	0.4678000911922149	2.075861639270791
0.2279544740405015	0.2534478783852851	0.22926868092305375	0.25662315222171583	0.2313569353058361	0.2599480304020856	0.2300416983365419	0.25906729717672083	0.39701190165714456	0.3744784555711061	0.44388741029923184	0.4159077932025877	0.4022269573275745	0.3845117905960077	0.4606781693143093	0.4241424687045236	0.4028273992113008	2.1157061178587195	0.4504171398001308	1.9396707323330284	0.40771243074067937	2.181749037684423	0.4678456530537146	2.057572536501433
0.2278905424496637	0.25300346820187136	0.2291403506530753	0.2574627354991412	0.23126088151703414	0.26007703215578354	0.22997348794934824	0.25944655014357954	0.3970313682691149	0.3721795458352731	0.4438746113425796	0.4148462170138811	0.4021910467496702	0.38548909562338735	0.4606638831212228	0.4259037566810539	0.4028027628410063	2.0705806670313334	0.450376423981116	1.9441091839705684	0.4077155552700949	2.1838392991958235	0.4678203571805194	2.0540755137956506
0.22776952839792394	0.2532908854201356	0.2290507811061175	0.2569599418053312	0.2311649505745779	0.2600178885080767	0.2298781203982228	0.25974299527601324	0.3969901146087512	0.3731078245230259	0.44386996224698505	0.4151927583072196	0.4021517353810081	0.3858811674336892	0.4606841766029882	0.4223311665899676	0.402868322660554	2.1171404137316	0.4505016664259317	1.880628254837696	0.4077106616541683	2.1998586798717867	0.4677908374174303	2.065494797459463
0.2277266490954733	0.2529901653235355	0.2289049799492536	0.2569872116575155	0.23111336294554824	0.26055243044713683	0.2298294540918157	0.25991622530268715	0.3969841494737481	0.37404287917800394	0.4438405800295702	0.41584824548920346	0.4021775414431277	0.3852391173921905	0.4606365910804815	0.4258420861013304	0.4028163338205976	2.2134396421047384	0.4503956922116338	1.905333581400396	0.4077127163719754	2.1643770262505	0.467836357189729	2.094308266798961
0.2276593352142613	0.2531041036852248	0.22877754858731966	0.2565524191659615	0.23102551505644456	0.25948534142202484	0.22972672918505616	0.2596822858121906	0.3969696197846991	0.3737488104581013	0.4438499588324869	0.4144777603695827	0.4021426213351448	0.3845682135922507	0.4606268497468393	0.4252582864209593	0.4028607197595698	2.061406763843724	0.4503663167040352	1.9218581620222643	0.40768484662172705	2.1123967624567044	0.4678559928043617	2.1247706944055507
0.2275448041602399	0.2529522379038225	0.22871698596981965	0.2574117167627548	0.23091676574105785	0.2599289387812788	0.22972467513402625	0.25911540768352465	0.3969372581698817	0.3741697547975401	0.4438210930413687	0.4157946930015046	0.402163664277592	0.3853384059032244	0.4606138565606834	0.4239201245909939	0.40282689340498906	2.0899380809654	0.4503192602154098	1.935822548029488	0.4076476015896592	2.2234068494355657	0.4678094759006813	2.0500119607545617
0.2274899814131813	0.25261991744370393	0.2286852404065577	0.25725870862693223	0.2308717160619047	0.25961388386160195	0.22959664752054165	0.2588165157509392	0.3969631632290256	0.3735755001113881	0.4438348755552531	0.4155368973524835	0.4021119467483208	0.3851664822756362	0.4606030272196696	0.4250749222659124	0.4027742466601044	2.107714501900088	0.4504125849437717	1.965048234955532	0.40764193965141937	2.172000172793426	0.4677670898321045	2.1278595716210367
0.22737040430055105	0.2522815765187082	0.22862113079670196	0.2567502808101101	0.23074621326704736	0.2598874099742099	0.22948154841357016	0.2590508056655759	0.3969455939971199	0.3768502598271132	0.4438222212103698	0.4145599547291857	0.40207568709211655	0.3856740919512507	0.4606026129029692	0.4235501909116972	0.4027953283157234	2.075087263767609	0.4503231991821179	1.9413655770029985	0.4076879696576637	2.179972946655702	0.46781429075019104	2.0373801337668214
0.22730812975217196	0.2529717010276646	0.22847097928084525	0.2568522796196083	0.2307128991493265	0.2594444825795137	0.2293836279968561	0.25907647780379994	0.39692795294150063	0.3738884447463551	0.4437778820222311	0.4133628579261752	0.4020761343387184	0.3848597300811847	0.4605624726324472	0.4230269223055082	0.4027886019784158	2.0914198613785766	0.4503456232734248	1.9650461078204609	0.40760525557599503	2.1447096197390323	0.4677815775553439	2.1074772681319915
0.22721033203986776	0.2525360617868518	0.228369089071423	0.25624332032085106	0.2306126561296244	0.2601645724994713	0.2293393011959229	0.2594238064609813	0.39692408583129934	0.3736625357644764	0.4437355136169453	0.4165213411120596	0.4020561582803944	0.3877360348851892	0.4605364686224119	0.42389614006599374	0.4027501472646408	2.0466236801120865	0.45035689622211017	1.965295571855368	0.4075972498570413	2.1985279329031573	0.4677716370365385	2.081430009696661
0.2271866774717015	0.2531705012817195	0.2283477924160929	0.2575844972059313	0.2305475483124437	0.25966649826490645	0.2292245207982649	0.25875490384821825	0.3968919983095843	0.3758030015981363	0.44374152503645203	0.41624716464705774	0.4020520793001869	0.3854335239113919	0.4605346645828273	0.423625876099241	0.402762212583594	2.057312691863113	0.4503469188565647	1.8953527829758037	0.4076036779971544	2.174038249811054	0.4677579398560425	1.8983148877249163
0.22710585794827975	0.2522971219095083	0.22834306713437905	0.2564364408025561	0.23046900431329054	0.2595126421618893	0.22915612425624254	0.2584422876345162	0.3968897961308932	0.37283635825600425	0.4437548496920868	0.4152187074642221	0.40205247070613304	0.3849727043185574	0.4605330460269746	0.4250327604450369	0.4027140212578376	2.1459524544909074	0.4503510175493586	1.9916312147141388	0.4075336419353709	2.165194579071831	0.467859286534866	2.1491756425278408
0.2269806895437827	0.2526299827660106	0.2282238227406537	0.25681536572125635	0.2303996724249292	0.2611339180300209	0.22906856476004095	0.2592696304801657	0.3968705726602743	0.3744461602748714	0.4437337310807877	0.4161368256540893	0.4020204214985136	0.384917652246966	0.4605415127462083	0.4231973597956695	0.4027277840863707	2.0672166105934875	0.4502922385449121	1.9534039070593407	0.40758579333274203	2.1168698695430828	0.4677675009850976	2.0353275913378845
0.22694855441159004	0.2523497828615036	0.22816510996992184	0.2563771572881435	0.2303119789149301	0.25909813389159336	0.22900848292954665	0.2581065869190471	0.3968622378846409	0.3735603732785795	0.4437519533331066	0.4173358327685887	0.4020350913350137	0.38625155169433817	0.4605415346348161	0.4255668794401274	0.4027290614965359	2.0812900408307957	0.4503442819349186	1.9785549007605987	0.4076269123504607	2.1545975493226	0.4677627500567033	2.0620441680552597
0.22685384251422086	0.25196024583761817	0.2280405218554818	0.25635009495102784	0.2302053005755557	0.2587697335825792	0.22891357475881366	0.25834685347266395	0.39687680829113575	0.373446157573317	0.4437332244980004	0.4161113440936983	0.4020256655483765	0.38665936903081	0.4605584621477243	0.42418889989409503	0.4027095804405634	2.0765709185076298	0.4503060964564101	1.9507249251090155	0.40759184410572097	2.1880820927316944	0.4677785279911166	2.0462858938108632
0.2267762953498396	0.2521586404785234	0.227957303484458	0.25645326774565635	0.230164764148362	0.2590714767738513	0.2288583577096665	0.2589220545691772	0.3968462106837788	0.374560305232477	0.4437016755379723	0.4162104626971878	0.4019942366157998	0.3860533292303529	0.4604814328188934	0.4258145125818673	0.4026817030433922	2.1008322034079385	0.4503100098989151	2.0616634782349537	0.4075256750729895	2.1802535428760867	0.4677233555690256	2.0746414693067856
0.2266614960159353	0.25218711494627755	0.2278900976726718	0.25633985030426304	0.23014212043844834	0.25899759003934963	0.2287965959395845	0.258429786754465	0.3968706949893616	0.3747286363948281	0.4437031552642148	0.4151862137546488	0.40198993067850425	0.3857806162246765	0.4605558673058303	0.4259249111973022	0.4027054971288782	2.082386393873477	0.45026623876186106	1.9372834652735489	0.4075144377321293	2.1583015304361792	0.4677476766491023	2.1778082578323583
0.2266095514995383	0.2527819682137993	0.2278182210043031	0.25650878674056643	0.23002682090715815	0.2588347441759031	0.2286439965871718	0.2581496270190798	0.3968456558589024	0.3747528327484447	0.4437055934247857	0.4163717086191472	0.4019835054114063	0.3874719480723967	0.4605169730468461	0.4263083867729824	0.4026736635513633	2.0907008666914937	0.4502761147370366	1.9630495974935391	0.40748584022749895	2.128782198934249	0.4678327548271322	2.0085844640103034
0.2265747261602701	0.25196781469945945	0.2276577178675797	0.25635980753897514	0.22996240888833985	0.2588514403972039	0.22862774993078505	0.25853295938188703	0.3968582352358184	0.3755292305632332	0.4437201729010935	0.41719548226668174	0.4019393091564708	0.3855509237290355	0.4605155499155024	0.42602578378932	0.4026827896940159	2.0636446780713937	0.4502611194394334	1.9418335928953971	0.4074929954800261	2.209639154576929	0.4677507813892289	2.0989708760987638
0.2265059940400793	0.2522911393500349	0.2276251045093133	0.2557125766819418	0.2298978423931928	0.25874845100231963	0.228594850010702	0.25803326157077944	0.3968558708326466	0.3755858595737661	0.4437058463262741	0.4180913513454198	0.4019362702589171	0.3881309067103374	0.4605067472163392	0.4249772365887366	0.4026316292562405	2.041980228436103	0.4503211746746025	1.9686966367740173	0.4074687589902111	2.145207573966861	0.4677347284496185	2.019399656130889
0.22640619563678765	0.2518910078043545	0.2275592833093385	0.2561579835592185	0.2297934239514553	0.2591836462328534	0.228442606727338	0.25796821876696463	0.3968503003223226	0.3754278583267484	0.4436901267081231	0.4170305691709574	0.4019654151538229	0.3879920007010215	0.4605000290901081	0.4256931974546028	0.4026778471006551	2.0766628050691742	0.4502630884053224	2.0169814775905226	0.4074705656593632	2.240186934546798	0.467699272692427	2.0493534042512143
0.2263886686780497	0.2523378151335427	0.22750857144863984	0.25662152877972977	0.2297693609956942	0.2588283229290541	0.2283732362988533	0.2584221229866423	0.3968784338858481	0.3742324751461367	0.4437073854298324	0.4160826469433648	0.4019568073783781	0.38756322944034177	0.4605426669607684	0.4257788566315828	0.4026501325121276	2.0810390510816164	0.4502725051327072	1.951530719530012	0.4074893789819052	2.2083475658296945	0.4676687105016944	2.063076114901492
0.2262725077365809	0.25195430692694165	0.22743561899459275	0.25572079303440964	0.22964534975001266	0.25886617690259484	0.2282962571482281	0.25813478119926114	0.3968244878722045	0.3752875837808875	0.4437075618448629	0.4164938849306085	0.4019599066976268	0.38725958537103744	0.4604579933487508	0.4255803261686822	0.4026123422841477	2.0791283820177417	0.45029075762922255	2.046182617423433	0.4074555101874034	2.2246401593169245	0.4677604901831527	2.06757100793076
0.22623188366405955	0.2515668872718863	0.22736681255105765	0.2555960323128533	0.2295948555105001	0.25871871759075304	0.2282036114440549	0.25807620848933266	0.3968160475531407	0.37644768000486667	0.443696089463676	0.4167150228453745	0.40194608821741545	0.3869667582927861	0.460481947228688	0.4245742588304122	0.4025798100714749	2.0714500596122623	0.4502905472126764	1.9242015326136288	0.4074376971771806	2.159364948059947	0.4677043263306895	2.096138369901731
0.2261315157951195	0.2516554286310804	0.2272640093825221	0.25632860165800003	0.22956616627302265	0.2581709141722872	0.2282785618479791	0.2575800920670967	0.3968043859670309	0.3746512931573728	0.4436763278004324	0.4167843611050765	0.4019377582218035	0.3870715987684125	0.46051154061967103	0.4267137829391994	0.4026695037404365	2.087637320496268	0.4502739631965592	2.0287083893861992	0.4074016697394229	2.134615215724243	0.4677293877877398	2.0886455984611403
0.22606023764318506	0.2523523406847549	0.22721168561512445	0.2555189037867557	0.2294768935698521	0.25795591427632264	0.2281554455608752	0.25768781143742314	0.3968431374562218	0.3742296028732451	0.4436848322184728	0.416178416557101	0.4018954981090164	0.3874038083080327	0.4604794585610759	0.4278734651296587	0.4025700630979631	2.0643972791402385	0.4502491495185929	1.9391898130264011	0.4074123198485285	2.180908022170032	0.4677434789676215	2.1130018496875884
0.22601258930076054	0.25166634833378965	0.2271088867214045	0.2555481202771295	0.2293853764906515	0.2583116471765447	0.2279958966403355	0.2575980895443446	0.3968127021589413	0.3751946497451815	0.4437110638842575	0.41974144325268464	0.4019320509495064	0.3889622698496375	0.4605044590017077	0.4271160741079761	0.4025901623857971	2.081415364850083	0.45021244888595213	1.969629120964444	0.4074025220872884	2.1653923771626906	0.4677178867892312	2.077888288818328
0.2258780239025473	0.25153147337363224	0.227065096087916	0.2554326698596588	0.22935609206956634	0.2588113546826578	0.22800834226600514	0.2572115578811551	0.3968587934294983	0.3759725015871656	0.4436943008313236	0.4159136819525816	0.4019166045279257	0.3886637408417211	0.4605192046243369	0.426104821031948	0.4025856627336839	2.1076083179805933	0.4502138014197134	1.9684453754578288	0.40739549995391344	2.145290566095436	0.4676788347256188	2.0665765148212487
0.2258432280284565	0.2520687740359693	0.226990518667178	0.255137428770929	0.2292481526793519	0.25893374162875565	0.2278913003447277	0.257495392474803	0.3968205341363416	0.3768058512435043	0.4437035115814682	0.41656975880530334	0.4019289866489175	0.3874682956861797	0.4605115470727	0.4276336290489168	0.4025860455011307	2.0954801839674366	0.4502284935522347	1.9860725019108083	0.4073826925471837	2.162033060507093	0.4676822566046087	2.1299586516596167
0.2258130192713273	0.2516810303130605	0.22691236005137294	0.25531778874253064	0.22915645603296814	0.25840659923077297	0.2278164767278641	0.2575160049648527	0.3968223645833217	0.3760540131487856	0.4436970500306723	0.4198876156197801	0.4018972742038171	0.3883198670144037	0.460507104725819	0.4265454201388919	0.4025564980089145	2.101631903108567	0.4502244681921962	1.9765664303368458	0.4073650143552439	2.1777264471429567	0.467716043418407	2.0894372675350943
0.2257150793985701	0.2515417424167076	0.2268301293231638	0.2556250303564188	0.22909086930343725	0.2585796834178104	0.22777920615730296	0.2568368060810776	0.3968473691620069	0.3761168898827186	0.4436916445116833	0.4172429828646294	0.4019078782701993	0.3874887343229316	0.4605064297701094	0.428690738511524	0.4025984884968079	2.0571613461362928	0.4502081888879981	1.9681646578515024	0.4073374283098317	2.19727209177746	0.4676874064569225	2.091861883836172
0.22563080405539485	0.2515200852969832	0.2268037986012739	0.2560421870560707	0.2290708502959173	0.25822001875602474	0.2276700642053848	0.2579461010053618	0.3968366509537137	0.3760915017614523	0.4436790404431771	0.41800331193906415	0.4019209034030175	0.3871888468076267	0.4605113417151952	0.4277736819686867	0.4025454905276159	2.110476088202512	0.4502552169860749	1.9454041366660733	0.4073828883863317	2.0904907860783464	0.4676464087622633	2.102045545191113
0.2256071422275763	0.2514854752432104	0.22672237027373945	0.2552201972257631	0.22898273084471404	0.2579250870932068	0.2275973135560101	0.25757622827346816	0.3968570138908588	0.3764819232698228	0.4437084741725492	0.4172544966080492	0.4018971165620431	0.38652032912713136	0.4605083314182886	0.4274467317525858	0.40252998053564	2.12707085397628	0.4501467713956149	1.955088241682388	0.4073103170350521	2.1899091916273936	0.4676939604016432	2.105228814872309
0.22556160984490425	0.25170468323659423	0.2266441990077677	0.2549400411293442	0.2289300665785817	0.2578929672637916	0.2275439707656293	0.2574628240690867	0.39683059304905377	0.3779125764758834	0.4437027769699787	0.4184601807081035	0.4018940951749309	0.3870271788724853	0.4605157480896354	0.42801092821023695	0.402562494000624	2.147339158874688	0.4501711346043555	1.989813121411044	0.4073249474424889	2.2075938550324627	0.4677733563952632	2.0523131398215617
0.2254604126687608	0.25165151300642263	0.2265466486369689	0.25504729104037305	0.2288490985100715	0.25812350503319204	0.2275255519777499	0.2576533847774581	0.3968440238061587	0.3752860968637616	0.4437097358347669	0.4186138009736313	0.4018836189480002	0.3888612129813371	0.4605275280735428	0.4276362393518648	0.402553744179059	2.058549702844252	0.4501769605673654	1.982298641975448	0.4072829014657716	2.179787666213029	0.4676346799023534	2.0999079817565547
0.22541151880014734	0.2510104922501185	0.22649657121633926	0.2552373035708301	0.22883732459706602	0.2577079320892253	0.2274255900351701	0.2576818650252125	0.39684845975614813	0.3765133379695839	0.4437190001083685	0.4171923605435845	0.4019172599961546	0.3878871208528247	0.4605038531362065	0.4280014469860951	0.4025004049085508	2.06870574106156	0.4501941351323498	1.9565295963187304	0.4072966063465488	2.14487660869122	0.4676769677498257	2.023293682006193
0.22534417619026376	0.2511216988631845	0.2263588198460175	0.2551091801031091	0.22869385809745496	0.2574608281218161	0.22741785310166465	0.2574003947613431	0.3968178841179924	0.3759846171468055	0.4437400181785852	0.4185821332816034	0.4019144629732467	0.3887376974767448	0.4605699760083815	0.4273576633440823	0.4024925625818481	2.126087604405815	0.4501728004690815	1.9846510141385472	0.4073453147061093	2.145227141608581	0.4676735035659781	2.048354836940037
0.2252928318954327	0.2510906479123357	0.2263277170243537	0.25508666939449204	0.2287118928661677	0.25765478409948944	0.227287736254968	0.25695237984743396	0.3968361353967139	0.3780019192760489	0.44371579679975215	0.4181715318851539	0.4019000639533109	0.3873191697035408	0.4605488879002893	0.42769307795884737	0.4025292640515484	2.1409104720948267	0.4501844950189976	2.0238926843947507	0.4072669610022903	2.154188583622368	0.4676933993766344	2.1404953320483417
0.22518747579072104	0.2511150059711648	0.22626447157834445	0.2550728959863416	0.2286349141664644	0.2576126614374656	0.2272645574860785	0.25719118351682585	0.3968493378138595	0.37724457803480393	0.4437170233249211	0.4204928631302415	0.4019142411930332	0.3884582197181418	0.4605388320606863	0.4265385510399659	0.4024967100008472	2.092156352737844	0.4501758888848788	1.9615524629776904	0.4072635252256658	2.218487853793681	0.4676391852954947	2.0601808634438163
0.2251274107955955	0.2508336786084517	0.2262316447230199	0.2554491924187646	0.2285546047494848	0.2584357333665318	0.2272167638684152	0.256858340502933	0.3968492053650221	0.3770486337309159	0.4437426802887213	0.4190070438071348	0.40190457985805295	0.38862994581456495	0.4605337355906522	0.42729721106850604	0.402496435338033	2.146593748640629	0.45015491791121337	1.9567798900616915	0.4072615779438441	2.18152485732166	0.4676337133069718	2.119229874725828
0.22514345889071308	0.251142760437091	0.2261315373994154	0.2548660858540522	0.2284449288980499	0.25782363746684034	0.22712207242786936	0.2571969482112505	0.3968542722339394	0.3766518093034066	0.4437609449765148	0.4217705568010488	0.4018869687014681	0.3877540206468984	0.4605670794192933	0.4282967294433367	0.4024879740619097	2.0977006485544347	0.4501676634416765	1.9975561524330323	0.4072679832093311	2.169906234481596	0.4676813354744573	2.067231127706216
0.225090654377787	0.2507670905113806	0.22610561449775785	0.25470872561846597	0.228441288903148	0.25787344167102866	0.2269734844949151	0.2568842405336453	0.3968550793266734	0.3780204439924194	0.4437328762517576	0.4194657336410911	0.4018911808008278	0.3881172370591636	0.4605815326580125	0.4266263273580671	0.4025278174814249	2.1279149976640053	0.4502022000802164	1.9132273161714437	0.4072650017181681	2.199497671306517	0.4675941771177802	2.0842973158722202
0.2249550432972128	0.2506769956005149	0.2259938583021703	0.2542148749058675	0.22835779276404555	0.25763156958630296	0.22693589962532296	0.25662239420960903	0.3968197712037806	0.3775966150073803	0.4437433368502412	0.4190065293038331	0.4018766830212013	0.3868861820714181	0.4605761559314273	0.42707331829905815	0.4024705823544443	2.100405390919082	0.4501947259896951	2.0286570309911958	0.4072461333114366	2.176683588938507	0.4676392706238807	2.1287386733992832
0.22488121962819452	0.2508543060916756	0.2259616909336284	0.2550360688997941	0.2283365817393545	0.2580166085332634	0.2269200978947133	0.25671332765584065	0.39688314074299996	0.3777237738403153	0.44371506374843933	0.4199251715717053	0.4018763308447805	0.3889244008151596	0.4605530775746784	0.4296174714572049	0.4024487916726788	2.1023629021655674	0.4501375088222558	2.000905090638124	0.407198272943808	2.2122716347255142	0.4676476913103959	2.1503984491850905
0.2248548978794601	0.2507878066832765	0.22589948689630585	0.2549765479512427	0.2283127660927541	0.25753219420137685	0.2268849603544377	0.25649569074607026	0.3968583017286965	0.37725031333558495	0.4437731777023812	0.4190063079851664	0.4019281272872043	0.3891560794847716	0.4606097597382119	0.4291212491335792	0.4024694883186874	2.1658933363416093	0.4501684393436586	2.0268469974739958	0.4072084207999364	2.168096784940319	0.4676556629566894	2.1542576558956723
0.2248180837310915	0.25105158178112624	0.22584517950236546	0.25526116988639275	0.2281303221524925	0.2575763845293734	0.22675543565323875	0.25596835960367353	0.3968793009194958	0.3788564904359161	0.44376855241129376	0.42084450185040506	0.4019107497408304	0.3891787215775484	0.4606034526832688	0.4280172953345099	0.40244567402149184	2.1087839030529287	0.4501547417496352	2.0151457689362657	0.4071803202029964	2.1432667396575296	0.4676171309849833	2.142748483393536
0.2247128584241719	0.2508450826419381	0.2257794699552185	0.2543102884666987	0.2280929061190938	0.25761602178535553	0.2266986544825564	0.2566270028743031	0.39690657572103394	0.3781872906792162	0.4437887744117284	0.4184395405436724	0.40190197700295305	0.38966068834409456	0.46060357063085494	0.4300148083162443	0.40246858612353503	2.1384251408507	0.45010959007456375	2.025851214551789	0.4072046745642507	2.210581790687759	0.4676140207139272	2.103529251236799
0.22462643500837526	0.25089150816785905	0.2257248921278151	0.25456957937565217	0.2280749981165127	0.2570380629391224	0.2266262912049622	0.25617695995203	0.3968797423733786	0.3779167458470724	0.4437663721512245	0.42024569566037057	0.4019088007921152	0.3888768567634744	0.460622004120661	0.4283512638259993	0.4024052571044467	2.121453825359396	0.4501131288778818	1.9661465614062523	0.4071628216359271	2.218860612622565	0.4676012177320522	2.1131992111183258
0.22459447209390965	0.2504848747788558	0.22565262021213425	0.2541459592515733	0.22803270221738284	0.2573980313685143	0.2266336592147201	0.2563661059850589	0.39689461672143095	0.37891027852191145	0.4438290447305167	0.4189865826393104	0.4019277948984049	0.3905808857282478	0.460623767535621	0.42920306151642856	0.4024401005130939	2.121852646721889	0.4500929897519035	2.0176188738078094	0.4071596931418728	2.2037852148271697	0.4675791272212152	2.1617893681457483
0.22454170333756787	0.250729028659666	0.22555689054351824	0.2542179677600556	0.2279490059182362	0.2575646607051545	0.226542438714081	0.25645021290075776	0.3968973859401767	0.3785616985207129	0.4437910092001709	0.4202973047461562	0.4019260760843804	0.3891452525714924	0.4606138997904197	0.4297547288977489	0.40243353699276735	2.1365780518528443	0.45012377163075656	2.035264169842937	0.4071398726826973	2.1995009707467394	0.4676208510989631	2.0781450464734834
0.22451129579218645	0.25063470855081205	0.22555985765335906	0.2543884100516505	0.22788505059330516	0.2578144351207326	0.22646238642475344	0.2568449990028769	0.3968945514385653	0.3778620438113093	0.4438212618439371	0.41935688786521613	0.40191078189258894	0.388656206966997	0.4606323976571105	0.4301420620140393	0.4023906430713626	2.1192325796788767	0.45010248204031184	1.9826655512145452	0.4071488945108296	2.1621199616175804	0.4676075176758796	2.1137618089322188
0.22446283543645976	0.2509911458353844	0.22548809060086894	0.25437161079358395	0.2277874312862516	0.2574623586781495	0.2264071561202149	0.2561060009776149	0.3969147077025881	0.3787924064383733	0.4437898255773623	0.4199713735787889	0.4019329878131542	0.3890313313919469	0.4606430706263909	0.430432988048081	0.4023929785948673	2.1119900051795995	0.45011258350966654	2.0064932581960635	0.40716463925911	2.2172322318212148	0.4675812511014868	2.077574239294175
0.2244335207547101	0.2502468121149936	0.2254143902011497	0.25419633713612144	0.2277530103904386	0.2574223015915231	0.2263422721593095	0.25630860351311496	0.3969158687453532	0.3781038827738574	0.4438173012759783	0.4195945497308724	0.4019162738977297	0.3900082808810511	0.4606732916619871	0.42878745611000174	0.40244588224145145	2.1682132353275136	0.4501264604250848	2.0128640413648395	0.4071122315686584	2.1721198407154096	0.4675702679693953	2.1098307865912296
0.22429859254949525	0.25037128505942025	0.2253041720915901	0.2538500211979081	0.2276965764400812	0.2572963796884967	0.22623933603426466	0.2568396771205832	0.3968800817109953	0.3777025934558828	0.4438205451325165	0.4211818268791338	0.4019562694736662	0.3899160310913405	0.4606925735405778	0.4303166576744569	0.40242606703863215	2.0829384067636205	0.4501131014027629	2.0331954814057838	0.4070528298213442	2.2273174141453964	0.4675904431056099	2.098448346536732
0.22424405197737315	0.2503129110976002	0.2252499892141187	0.2542966509578111	0.2276496116474963	0.2571658447298757	0.22617750001922646	0.2560670073447447	0.3969287507376487	0.37878044428784746	0.4438539631070724	0.4198911592179411	0.4018923532889654	0.3901938339540787	0.4607003641296619	0.429936406751049	0.4024172143432232	2.14665272555482	0.4500704421326133	1.9821929591608016	0.40710815803878697	2.209942741750539	0.467555993973145	2.0352317479555766
0.2242136793367712	0.2508500418900636	0.22520341269059174	0.2537302275376684	0.22763980396381994	0.2574841434980846	0.22613491797933055	0.25634500115217423	0.3969083587791032	0.3797150542649084	0.4438747638347141	0.4206540242254084	0.40189495025796906	0.38982099860946706	0.4607273379332466	0.4292173779167604	0.4023752399517743	2.1034477230372417	0.4500577088934752	1.9886881115189443	0.4070683942950046	2.2243593239656017	0.4675938218043312	2.090967011193689
0.2241546460909005	0.25043298669956365	0.2251250269340116	0.2540380654849266	0.2275499793992201	0.257465344339156	0.2260424346644995	0.25646843962595445	0.39693286867114064	0.37833574561282185	0.44386564862941774	0.4219500694570386	0.40194967363483614	0.3901438811003921	0.460692629482948	0.4281780730316432	0.4023207604165875	2.1291069115041683	0.4500563635970001	1.9894182879439892	0.4070918158178339	2.1649591493445097	0.4675969723870872	2.0495503915352744
0.2240757067403617	0.25063057776806913	0.2250872561403792	0.2545928914770489	0.2275095343523952	0.2569064961238161	0.2260326452353592	0.25615890556226	0.3969157859203645	0.3795716951630864	0.44386694843731855	0.4214398718625196	0.401930427629195	0.38949831495514575	0.4607172008416154	0.43132408864385147	0.4023633430807786	2.1675681967824256	0.4500735352178247	1.9745892870039132	0.4071012003951277	2.194173897795212	0.4675347917148047	2.1394695969076243
0.2240659270783419	0.2501845064658139	0.22504515560059246	0.2538522132506338	0.2273898550070188	0.25736411103142603	0.22596229668022424	0.2557426154193995	0.39693555975320943	0.3798035802836197	0.4438659002591981	0.4206732938260771	0.4019396086086988	0.3894801643205199	0.4607258030800167	0.43056460097599214	0.4023310499036412	2.1237237137648286	0.4500817118492261	1.9959508455193036	0.4070546168668408	2.2070655128283216	0.4675907293494158	2.1071425898364318
0.22398608656362692	0.25058946123965176	0.2249947550765392	0.2542792825290117	0.2273732076467844	0.2576522775631044	0.2259252354658503	0.2562419537821659	0.39694716349161024	0.3795564045043853	0.4438844243354138	0.422041861256029	0.40195076219691256	0.3907539361055023	0.4607567908799725	0.4299997227228281	0.402345885034952	2.1991188641872297	0.4500662955995857	1.9816774286032437	0.407088137717464	2.2290432451414195	0.4675365124024865	2.122536607365171
0.22389868688993733	0.2501282689432629	0.22489660669901906	0.2539253108864816	0.2273097349155908	0.2567018440617689	0.22593351673305295	0.25614767251764425	0.39693171854238735	0.37873897480401497	0.44392409401837785	0.4207844532450355	0.4019310622826536	0.3901605167353629	0.4607584934469263	0.4311175426973109	0.4023381380796828	2.132598132379865	0.4500219283382696	2.000806905795724	0.4070380355714451	2.1937492119823507	0.46758830523599393	2.1020659240037274
0.2239120273859028	0.2504628898504048	0.2248007578190206	0.2539694554088173	0.22721611491379826	0.2577800328402585	0.2258621970436014	0.25602289842056186	0.3969774586414397	0.3792517249413823	0.44391959423509203	0.4204994421722394	0.4019524508973576	0.3916987643806473	0.4607812333525858	0.431061198103141	0.4023485073041648	2.1610447076139327	0.4500695089351309	1.9640757370324384	0.4070334690735104	2.1708029433001514	0.4675119287841756	2.1542389744758035
0.223843234610248	0.2502766513148118	0.22479668706280687	0.2537237930508393	0.22721379769409464	0.2568463856290911	0.2257572485445061	0.2562220604054743	0.3969601993183369	0.3791891644800845	0.4439364409122786	0.4215866106118584	0.40194414042090776	0.3902541416066344	0.4607722247100872	0.43007994136979255	0.40230003027541206	2.141267862273089	0.44997278635850335	1.972215028946068	0.40700603394949547	2.24731174079508	0.4675722446455701	2.0900084375108303
0.223798540882942	0.25013443677736924	0.2246949295064253	0.25368740346934976	0.2271444934953819	0.25718318830032083	0.2256698472387456	0.2565685025509131	0.39696200662723385	0.3803173881472449	0.4439558308738252	0.4204831178822063	0.4019700245396667	0.3906711598320524	0.4607769660039591	0.4312635359965128	0.40232562177848535	2.1285598174041267	0.4500914680087164	2.036726656904196	0.4070359618019174	2.233222530100436	0.4675215768462589	2.168132559805624
0.22373639942330453	0.2498940305371152	0.2246554091240373	0.2539117038358802	0.22711073795537584	0.25709689007591546	0.22564249576857304	0.2562378760038655	0.3969773095125505	0.3797291158462501	0.4439361947061553	0.4221192783733034	0.4019677495512435	0.3900498893918933	0.4607889365784397	0.4310902687782913	0.40231271570655375	2.1370241921876154	0.45005767984261663	2.0231624247503666	0.4070244063878665	2.232035025033127	0.4675253910066058	2.0737520364736404
0.2236425883923508	0.24988176323556066	0.22467728793513755	0.2538199239589725	0.22706178852100795	0.2569134827223632	0.2256419991816065	0.25576128529015074	0.39696589965793533	0.3796291443367392	0.4439320671381408	0.4225076674114056	0.4019943750407758	0.3910774782974992	0.4607917662033175	0.4305481803240771	0.4022841599809788	2.152894462027973	0.4500002919939493	2.0409049144835043	0.4069973460836789	2.188544975034064	0.4675120093180889	2.1220652907819644
